id,path,announced3_language,announced3_confidence,probability_lin,probability_sna,probability_lug
ID_AAOODF,ID_AAOODF.wav,lin,0.999974338462104,0.99991441,1.649e-05,9.17e-06
ID_AAPBIE,ID_AAPBIE.wav,sna,0.9999603743307555,2.46e-05,0.99981731,1.502e-05
ID_AATKGX,ID_AATKGX.wav,sna,0.9999444740142988,4.922e-05,0.99983668,6.3e-06
ID_AAYKBF,ID_AAYKBF.wav,lin,0.9999431236270024,0.99983108,4.278e-05,1.409e-05
ID_ABPNFQ,ID_ABPNFQ.wav,lin,0.9999362761432474,0.99971884,3.837e-05,2.534e-05
ID_ABXLTD,ID_ABXLTD.wav,lin,0.9999245083252125,0.99976987,4.277e-05,3.271e-05
ID_ACXWNX,ID_ACXWNX.wav,lin,0.9999761490447693,0.9999361,9.49e-06,1.436e-05
ID_ACZEVJ,ID_ACZEVJ.wav,sna,0.9999727375128433,1.972e-05,0.99988151,7.54e-06
ID_ADOMPT,ID_ADOMPT.wav,sna,0.9999988599826832,6.3e-07,0.99998367,5.1e-07
ID_ADUOVN,ID_ADUOVN.wav,sna,0.9999839784918955,7.12e-06,0.99988985,8.9e-06
ID_AEYASK,ID_AEYASK.wav,lin,0.9999354141448183,0.99968994,3.987e-05,2.47e-05
ID_AFAKEG,ID_AFAKEG.wav,lin,0.9999536273465568,0.99989641,3.488e-05,1.149e-05
ID_AFXWKR,ID_AFXWKR.wav,sna,0.9999545667019969,2.165e-05,0.99988198,2.378e-05
ID_AGTPRM,ID_AGTPRM.wav,lin,0.9999488759765393,0.99987018,2.992e-05,2.12e-05
ID_AICQQG,ID_AICQQG.wav,lin,0.9999749885683457,0.99991775,6.11e-06,1.89e-05
ID_AJLYXZ,ID_AJLYXZ.wav,sna,0.9999624161660731,1.939e-05,0.99986041,1.819e-05
ID_AJXJQK,ID_AJXJQK.wav,lin,0.9999674466473303,0.99986446,1.57e-05,1.685e-05
ID_AKEEIU,ID_AKEEIU.wav,sna,0.9999711173323969,1.89e-05,0.99987876,9.98e-06
ID_AKEKCT,ID_AKEKCT.wav,lin,0.9999801287320144,0.99991632,7.07e-06,1.28e-05
ID_ALYEKY,ID_ALYEKY.wav,sna,0.9999784778949229,1.124e-05,0.99988067,1.028e-05
ID_AMCCBI,ID_AMCCBI.wav,sna,0.9999562670900122,3.149e-05,0.99988973,1.224e-05
ID_ANCBYL,ID_ANCBYL.wav,lin,0.9999500816839716,0.99958318,3.669e-05,1.321e-05
ID_ANEMZF,ID_ANEMZF.wav,lin,0.9999394421056729,0.99980909,3.962e-05,2.093e-05
ID_ANHQMY,ID_ANHQMY.wav,lin,0.9999320715483421,0.99980766,5.071e-05,1.721e-05
ID_ANZHBV,ID_ANZHBV.wav,lin,0.9999537750941507,0.99984765,3.149e-05,1.473e-05
ID_AOHRVC,ID_AOHRVC.wav,lin,0.9983421669746348,0.99652171,0.00146374,0.00019107
ID_AORESO,ID_AORESO.wav,lin,0.9998362691645718,0.99964797,9.121e-05,7.249e-05
ID_ARBIRT,ID_ARBIRT.wav,lin,0.9999563949461743,0.9998405,3.189e-05,1.171e-05
ID_ARHAXW,ID_ARHAXW.wav,lin,0.9999313143100774,0.99984848,5.961e-05,9.07e-06
ID_ARVDNP,ID_ARVDNP.wav,lin,0.9999621076052007,0.99989891,2.725e-05,1.064e-05
ID_ASBDUP,ID_ASBDUP.wav,lin,0.9993521466649938,0.99655497,5.719e-05,0.00058885
ID_ASIPKU,ID_ASIPKU.wav,lin,0.9999732483430023,0.99991131,2.363e-05,3.12e-06
ID_ATIDGP,ID_ATIDGP.wav,sna,0.9999868491538747,7.9e-06,0.99992251,5.25e-06
ID_ATIYKD,ID_ATIYKD.wav,lin,0.9999465464977265,0.99988103,3.765e-05,1.58e-05
ID_ATTFDF,ID_ATTFDF.wav,lin,0.9999487732775172,0.99981755,3.701e-05,1.421e-05
ID_AVMULW,ID_AVMULW.wav,lin,0.9999827895535609,0.99995685,1.594e-05,1.27e-06
ID_AWJYKX,ID_AWJYKX.wav,lin,0.9999672571923042,0.99988151,2.217e-05,1.057e-05
ID_AYAUMX,ID_AYAUMX.wav,sna,0.9999717768263041,1.339e-05,0.99985933,1.483e-05
ID_AYEGYT,ID_AYEGYT.wav,sna,0.9999784288015042,1.129e-05,0.99992287,1.028e-05
ID_AYRYPF,ID_AYRYPF.wav,lin,0.999988409697725,0.99996233,7.07e-06,4.52e-06
ID_AYSLAJ,ID_AYSLAJ.wav,sna,0.9999688274301334,1.464e-05,0.99988639,1.653e-05
ID_BBQWLS,ID_BBQWLS.wav,lin,0.9999252544665881,0.99985123,6.194e-05,1.28e-05
ID_BBUQAC,ID_BBUQAC.wav,sna,0.9999699566907295,1.531e-05,0.99985981,1.473e-05
ID_BCOIMC,ID_BCOIMC.wav,sna,0.9999586398105037,2.753e-05,0.99971229,1.382e-05
ID_BDLDQK,ID_BDLDQK.wav,sna,0.9999595260120979,2.259e-05,0.999861,1.788e-05
ID_BEAXGU,ID_BEAXGU.wav,sna,0.9999799989169414,1.232e-05,0.99992585,7.68e-06
ID_BEBWRK,ID_BEBWRK.wav,sna,0.9999767683960901,1.611e-05,0.99990773,7.12e-06
ID_BHMOUC,ID_BHMOUC.wav,lin,0.9999753289028762,0.99993086,2.04e-05,4.27e-06
ID_BMAMTU,ID_BMAMTU.wav,sna,0.9999687578699116,2.289e-05,0.99990058,8.35e-06
ID_BMRJMV,ID_BMRJMV.wav,lin,0.9999402424113839,0.99981326,4.502e-05,1.473e-05
ID_BNABME,ID_BNABME.wav,lin,0.9999690775648582,0.99989033,2.289e-05,8.03e-06
ID_BNBXHO,ID_BNBXHO.wav,sna,0.9999697870590722,1.765e-05,0.99987245,1.256e-05
ID_BNWLVQ,ID_BNWLVQ.wav,lin,0.9999614475935589,0.99989903,2.567e-05,1.288e-05
ID_BNYYWA,ID_BNYYWA.wav,lin,0.9998363009397673,0.99959773,0.00013607,2.759e-05
ID_BODVLJ,ID_BODVLJ.wav,lin,0.9998926303019553,0.99970919,8.201e-05,2.534e-05
ID_BOVFVV,ID_BOVFVV.wav,lin,0.9999443744802796,0.99984515,4.223e-05,1.339e-05
ID_BPMRMX,ID_BPMRMX.wav,sna,0.9999820185805468,9.25e-06,0.99990308,8.73e-06
ID_BQTUGO,ID_BQTUGO.wav,sna,0.9999698470631039,9.13e-06,0.99987245,2.102e-05
ID_BRLAKJ,ID_BRLAKJ.wav,lin,0.9999853495388035,0.99995387,1.391e-05,7.4e-07
ID_BRRHVM,ID_BRRHVM.wav,lin,0.999931510642984,0.9997949,4.53e-05,2.318e-05
ID_BRZJGE,ID_BRZJGE.wav,sna,0.99993437177744,4.388e-05,0.99980909,2.174e-05
ID_BSBTOV,ID_BSBTOV.wav,lin,0.999935295485566,0.99986553,5.203e-05,1.267e-05
ID_BSCHXE,ID_BSCHXE.wav,lin,0.9999415742964828,0.99984396,3.286e-05,2.556e-05
ID_BUPBKJ,ID_BUPBKJ.wav,lin,0.9998268859065675,0.99760854,0.00010039,7.234e-05
ID_BVLOQR,ID_BVLOQR.wav,sna,0.9999867391071441,8.56e-06,0.99991941,4.7e-06
ID_BVRWJF,ID_BVRWJF.wav,sna,0.9999756570289404,1.129e-05,0.99985361,1.305e-05
ID_BVVWIJ,ID_BVVWIJ.wav,sna,0.9999881495852354,8.49e-06,0.99995315,3.36e-06
ID_BVYDAO,ID_BVYDAO.wav,sna,0.9999708653454477,2.567e-05,0.99981111,3.46e-06
ID_BWBLLL,ID_BWBLLL.wav,lin,0.9999524954666424,0.99985707,3.129e-05,1.621e-05
ID_BYLITH,ID_BYLITH.wav,sna,0.9999625861100778,2.713e-05,0.99985862,1.028e-05
ID_BZCOAH,ID_BZCOAH.wav,sna,0.9999623757864644,1.601e-05,0.99985039,2.161e-05
ID_BZZNTU,ID_BZZNTU.wav,sna,0.9999548680286355,2.892e-05,0.99991119,1.621e-05
ID_CAEBSB,ID_CAEBSB.wav,lin,0.9999378522041804,0.99981242,4.03e-05,2.184e-05
ID_CBBJNH,ID_CBBJNH.wav,sna,0.9999635366785561,1.796e-05,0.99987245,1.85e-05
ID_CBWTCL,ID_CBWTCL.wav,lin,0.9999825692295599,0.99993837,1.373e-05,3.7e-06
ID_CCEJUY,ID_CCEJUY.wav,lin,0.9999524844972296,0.99983668,3.109e-05,1.642e-05
ID_CCJUEN,ID_CCJUEN.wav,sna,0.9999732880577747,1.163e-05,0.99990058,1.508e-05
ID_CCMSCC,ID_CCMSCC.wav,lin,0.9999307416896953,0.99981076,4.314e-05,2.611e-05
ID_CDDYTT,ID_CDDYTT.wav,sna,0.9999902595712263,3.31e-06,0.99994624,6.43e-06
ID_CDKWBW,ID_CDKWBW.wav,sna,0.9999754483285221,1.251e-05,0.99990737,1.204e-05
ID_CDRINL,ID_CDRINL.wav,sna,0.9999580962709871,3.624e-05,0.99986911,5.66e-06
ID_CEHWTB,ID_CEHWTB.wav,lin,0.9999735768899999,0.99985588,2.502e-05,1.4e-06
ID_CFSWOV,ID_CFSWOV.wav,sna,0.9999492362043909,3.314e-05,0.99987447,1.762e-05
ID_CGBLNL,ID_CGBLNL.wav,sna,0.9999613380796625,2.634e-05,0.99991167,1.232e-05
ID_CHAYJC,ID_CHAYJC.wav,sna,0.999966127307121,1.796e-05,0.99988663,1.591e-05
ID_CHDRNT,ID_CHDRNT.wav,lin,0.9999560658912822,0.99986255,2.318e-05,2.075e-05
ID_CIXTAN,ID_CIXTAN.wav,sna,0.9999802995238395,1.728e-05,0.99995613,2.42e-06
ID_CJZEYO,ID_CJZEYO.wav,lin,0.9999331139247378,0.99984229,4.798e-05,1.89e-05
ID_CJZHQR,ID_CJZHQR.wav,sna,0.9999750483916194,1.685e-05,0.99991059,8.1e-06
ID_CKQPRT,ID_CKQPRT.wav,sna,0.9999626473431056,2.487e-05,0.99989152,1.248e-05
ID_CLCVQW,ID_CLCVQW.wav,lin,0.9999329310053772,0.99979883,4.388e-05,2.318e-05
ID_CLUUGI,ID_CLUUGI.wav,sna,0.9999738069202178,1.347e-05,0.99985623,1.272e-05
ID_CMWEOJ,ID_CMWEOJ.wav,sna,0.9999591961925968,2.014e-05,0.99986589,2.066e-05
ID_CNAAPA,ID_CNAAPA.wav,sna,0.9999601548376608,2.245e-05,0.9998306,1.739e-05
ID_CNEWVO,ID_CNEWVO.wav,lin,0.9998457946374439,0.99864393,0.00014739,6.63e-06
ID_CNHGQK,ID_CNHGQK.wav,lin,0.9999850186206644,0.99989295,1.037e-05,4.61e-06
ID_CNMTHU,ID_CNMTHU.wav,sna,0.9999645263188961,1.898e-05,0.99986076,1.649e-05
ID_COIPSP,ID_COIPSP.wav,sna,0.9999620032878808,1.706e-05,0.99978536,2.093e-05
ID_COKZFV,ID_COKZFV.wav,sna,0.9999412934806411,3.502e-05,0.99983025,2.368e-05
ID_COUUAA,ID_COUUAA.wav,sna,0.9999750966983203,1.356e-05,0.99984252,1.134e-05
ID_CQDCXT,ID_CQDCXT.wav,sna,0.9999819189496718,6.84e-06,0.99992383,1.124e-05
ID_CSUPIY,ID_CSUPIY.wav,sna,0.9999395327892852,4.798e-05,0.99982029,1.248e-05
ID_CTDWOV,ID_CTDWOV.wav,sna,0.9999705883126515,1.964e-05,0.99991322,9.77e-06
ID_CUDWBK,ID_CUDWBK.wav,sna,0.9999786480556919,1.214e-05,0.99988759,9.21e-06
ID_CUHHNH,ID_CUHHNH.wav,lin,0.9999588373075483,0.99989343,3.149e-05,9.67e-06
ID_CUNQQV,ID_CUNQQV.wav,sna,0.9999718771233109,1.385e-05,0.99986959,1.427e-05
ID_CUPYSP,ID_CUPYSP.wav,lin,0.9999528855698301,0.99985886,3.487e-05,1.224e-05
ID_CURVSX,ID_CURVSX.wav,lin,0.999897347696095,0.9997775,8.855e-05,1.409e-05
ID_CUSTOO,ID_CUSTOO.wav,sna,0.9999714868427381,1.878e-05,0.99986076,9.73e-06
ID_CUXBJJ,ID_CUXBJJ.wav,sna,0.9999811388919099,9.07e-06,0.99992239,9.79e-06
ID_CVLFSK,ID_CVLFSK.wav,lin,0.9999770282026865,0.99989879,1.483e-05,8.14e-06
ID_CWTEDX,ID_CWTEDX.wav,lin,0.9999352872833601,0.99989331,5.337e-05,1.134e-05
ID_CXBMDD,ID_CXBMDD.wav,sna,0.9999538546148337,2.6e-05,0.99983716,2.014e-05
ID_CXDLKZ,ID_CXDLKZ.wav,lin,0.9999715784766064,0.99991798,2.129e-05,7.13e-06
ID_CXIQEJ,ID_CXIQEJ.wav,sna,0.9999701566605304,1.356e-05,0.99985826,1.628e-05
ID_CYCTUN,ID_CYCTUN.wav,sna,0.9999634458192983,1.692e-05,0.99984908,1.963e-05
ID_DAOMCB,ID_DAOMCB.wav,sna,0.9999708776678836,1.834e-05,0.9998908,1.078e-05
ID_DAXLAS,ID_DAXLAS.wav,lin,0.9999420712666641,0.99979132,3.962e-05,1.83e-05
ID_DCUADZ,ID_DCUADZ.wav,sna,0.9999584058988216,3.701e-05,0.99985981,4.58e-06
ID_DCXYVX,ID_DCXYVX.wav,lin,0.9999592556855845,0.99985337,1.834e-05,2.24e-05
ID_DDGBXH,ID_DDGBXH.wav,sna,0.9999740584647799,1.267e-05,0.99991488,1.327e-05
ID_DDOTPI,ID_DDOTPI.wav,lin,0.9999759989909976,0.99993396,1.866e-05,5.34e-06
ID_DECRKT,ID_DECRKT.wav,sna,0.9999703563342643,1.692e-05,0.9998467,1.272e-05
ID_DFEGFZ,ID_DFEGFZ.wav,sna,0.9999719482352635,1.56e-05,0.99990904,1.245e-05
ID_DFKJAI,ID_DFKJAI.wav,sna,0.999984099155347,1.194e-05,0.99993098,3.96e-06
ID_DFSMMS,ID_DFSMMS.wav,lin,0.9999618039115434,0.99980241,2.279e-05,1.54e-05
ID_DGRVJT,ID_DGRVJT.wav,sna,0.9999868388726177,6.59e-06,0.99990118,6.57e-06
ID_DHVQIV,ID_DHVQIV.wav,sna,0.9999622268157206,2.398e-05,0.99987793,1.379e-05
ID_DMJNOW,ID_DMJNOW.wav,sna,0.9999381543949328,4.17e-05,0.99984753,2.014e-05
ID_DNCKDJ,ID_DNCKDJ.wav,lin,0.9999444766158496,0.99988353,4.738e-05,8.14e-06
ID_DNJYJQ,ID_DNJYJQ.wav,lin,0.9999433056039164,0.99986577,4.135e-05,1.534e-05
ID_DNOWAN,ID_DNOWAN.wav,lin,0.9999650668644018,0.99987531,2.066e-05,1.427e-05
ID_DPCENG,ID_DPCENG.wav,sna,0.9999467541770367,4.278e-05,0.9998374,1.046e-05
ID_DPORVV,ID_DPORVV.wav,lin,0.9999543952785432,0.99985087,3.23e-05,1.33e-05
ID_DQKDOH,ID_DQKDOH.wav,sna,0.9999827488662554,9.42e-06,0.99991703,7.83e-06
ID_DQNKGM,ID_DQNKGM.wav,lin,0.9999413555254266,0.99986506,5.071e-05,7.93e-06
ID_DRGIQX,ID_DRGIQX.wav,sna,0.9999818787059583,6.18e-06,0.99991047,1.194e-05
ID_DRMIBV,ID_DRMIBV.wav,lin,0.99995601640786,0.99987435,3.443e-05,9.55e-06
ID_DRQDHR,ID_DRQDHR.wav,lin,0.9999698583286443,0.99991441,2.147e-05,8.67e-06
ID_DTAXKI,ID_DTAXKI.wav,sna,0.9999687467480992,1.283e-05,0.9998647,1.842e-05
ID_DTWMNJ,ID_DTWMNJ.wav,sna,0.9999613267007809,1.706e-05,0.99987602,2.161e-05
ID_DUCAYT,ID_DUCAYT.wav,lin,0.9999647480699568,0.99991,2.203e-05,1.322e-05
ID_DVOOKJ,ID_DVOOKJ.wav,lin,0.9999529965612284,0.99987984,3.517e-05,1.183e-05
ID_DVUHKU,ID_DVUHKU.wav,lin,0.9999601255480175,0.99984848,2.129e-05,1.858e-05
ID_DYHFNJ,ID_DYHFNJ.wav,sna,0.999958777832694,1.148e-05,0.99917847,2.971e-05
ID_DZSHEQ,ID_DZSHEQ.wav,lin,0.9999483138415942,0.99982917,3.912e-05,1.256e-05
ID_EALPPR,ID_EALPPR.wav,sna,0.999966225809974,1.803e-05,0.99984217,1.574e-05
ID_EAXNCQ,ID_EAXNCQ.wav,sna,0.9999906011108126,8.08e-06,0.99904484,1.31e-06
ID_EBIVAA,ID_EBIVAA.wav,lin,0.9999319736774757,0.99925107,2.123e-05,4.675e-05
ID_ECOUKU,ID_ECOUKU.wav,lin,0.9999093741468195,0.99973446,7.597e-05,1.464e-05
ID_ECTELE,ID_ECTELE.wav,sna,0.9999693841140959,1.547e-05,0.99977714,1.514e-05
ID_ECYWVS,ID_ECYWVS.wav,lin,0.9999630565642605,0.99987006,1.98e-05,1.714e-05
ID_EDVJNY,ID_EDVJNY.wav,sna,0.999950996185543,3.07e-05,0.99987316,1.83e-05
ID_EGBJZM,ID_EGBJZM.wav,lin,0.99997004842275,0.99991739,2.26e-05,7.35e-06
ID_EHELCY,ID_EHELCY.wav,lin,0.9999335015673338,0.9998067,4.986e-05,1.663e-05
ID_EIDXID,ID_EIDXID.wav,lin,0.9999567967005641,0.99988043,3.532e-05,7.88e-06
ID_EJKPKL,ID_EJKPKL.wav,lin,0.9999540688351857,0.99992871,4.315e-05,2.78e-06
ID_EJUKLB,ID_EJUKLB.wav,sna,0.9999717582557899,1.653e-05,0.99991,1.171e-05
ID_EJXBUL,ID_EJXBUL.wav,lin,0.9999337006544442,0.99979275,3.547e-05,3.082e-05
ID_ELYVBC,ID_ELYVBC.wav,sna,0.9999462633839478,4.559e-05,0.99982315,8.14e-06
ID_EOGJIP,ID_EOGJIP.wav,sna,0.9999633560091029,2.419e-05,0.99985445,1.245e-05
ID_EOQIYP,ID_EOQIYP.wav,sna,0.9999716775305639,1.096e-05,0.99988449,1.736e-05
ID_EORGOX,ID_EORGOX.wav,lin,0.9999913998064096,0.99996889,4.15e-06,4.45e-06
ID_EPQEMO,ID_EPQEMO.wav,lin,0.9999799592835444,0.99994421,1.427e-05,5.77e-06
ID_EPSMXE,ID_EPSMXE.wav,sna,0.9999502244077122,3.03e-05,0.99983788,1.947e-05
ID_EROPVG,ID_EROPVG.wav,sna,0.9999713171538012,1.24e-05,0.99987209,1.628e-05
ID_ERPYFF,ID_ERPYFF.wav,sna,0.9999740687433714,1.502e-05,0.99992561,1.091e-05
ID_ERVOTT,ID_ERVOTT.wav,lin,0.9999650256030187,0.99983931,2.217e-05,1.28e-05
ID_ESDDEB,ID_ESDDEB.wav,sna,0.9999778080002789,1.085e-05,0.9998877,1.134e-05
ID_ESVWGG,ID_ESVWGG.wav,lin,0.9999503137882297,0.9998253,3.03e-05,1.938e-05
ID_ETBDET,ID_ETBDET.wav,sna,0.999977528581604,1.464e-05,0.99991441,7.83e-06
ID_ETCPAZ,ID_ETCPAZ.wav,sna,0.9999853292883237,8.9e-06,0.99993682,5.77e-06
ID_ETGYHN,ID_ETGYHN.wav,sna,0.9999939596563046,2.58e-06,0.99993706,3.46e-06
ID_EUGOLJ,ID_EUGOLJ.wav,sna,0.9999511131436185,2.6e-05,0.99981087,2.288e-05
ID_EUQEQC,ID_EUQEQC.wav,lin,0.9999577950290985,0.99984002,2.318e-05,1.902e-05
ID_EXRHDG,ID_EXRHDG.wav,sna,0.999954573710276,1.717e-05,0.99981612,2.825e-05
ID_EYKBKF,ID_EYKBKF.wav,lin,0.9999426755911797,0.99986577,3.929e-05,1.803e-05
ID_EZCCJG,ID_EZCCJG.wav,sna,0.9999625253868751,2.408e-05,0.99983943,1.339e-05
ID_FALXJI,ID_FALXJI.wav,sna,0.9999622769934764,2.363e-05,0.99988258,1.409e-05
ID_FASBOF,ID_FASBOF.wav,lin,0.9999489059528405,0.9998697,4.388e-05,7.21e-06
ID_FATGBJ,ID_FATGBJ.wav,lin,0.9999884894560117,0.99994123,5.12e-06,6.39e-06
ID_FBJMUD,ID_FBJMUD.wav,sna,0.9999656079068973,2.408e-05,0.99990475,1.031e-05
ID_FBVFQS,ID_FBVFQS.wav,lin,0.999936682916718,0.99982482,4.922e-05,1.409e-05
ID_FCQYCF,ID_FCQYCF.wav,sna,0.9999483855211063,3.443e-05,0.99966788,1.717e-05
ID_FDEPXL,ID_FDEPXL.wav,lin,0.9999555071475633,0.9998914,3.031e-05,1.418e-05
ID_FDHAJW,ID_FDHAJW.wav,sna,0.9999717978806107,1.452e-05,0.99989665,1.368e-05
ID_FECWJL,ID_FECWJL.wav,lin,0.999983098693867,0.99990582,1.139e-05,5.51e-06
ID_FEQNNF,ID_FEQNNF.wav,lin,0.9999447443385049,0.99984229,2.88e-05,2.645e-05
ID_FEXOME,ID_FEXOME.wav,lin,0.9999610071414334,0.9998877,3.07e-05,8.29e-06
ID_FFIIOR,ID_FFIIOR.wav,lin,0.9999416571301142,0.99989247,5.115e-05,7.19e-06
ID_FGBZEX,ID_FGBZEX.wav,sna,0.9999578665113471,2.093e-05,0.99987507,2.12e-05
ID_FGIQHS,ID_FGIQHS.wav,lin,0.9999866190720326,0.99991727,1.05e-05,2.88e-06
ID_FHZRBF,ID_FHZRBF.wav,sna,0.9999572648568256,1.356e-05,0.99983692,2.917e-05
ID_FIBLOU,ID_FIBLOU.wav,sna,0.9999598836106628,1.663e-05,0.99980062,2.348e-05
ID_FIVZJF,ID_FIVZJF.wav,lin,0.9999423188900414,0.99974972,4.187e-05,1.58e-05
ID_FJHUKW,ID_FJHUKW.wav,lin,0.9999468217366296,0.99979144,3.251e-05,2.066e-05
ID_FKEVFH,ID_FKEVFH.wav,sna,0.9999637472647311,2.439e-05,0.9998883,1.186e-05
ID_FKSFHH,ID_FKSFHH.wav,sna,0.9999745486421701,9.44e-06,0.9999212,1.601e-05
ID_FKVEEO,ID_FKVEEO.wav,sna,0.9999274447288596,6.038e-05,0.9998548,1.217e-05
ID_FLRZJY,ID_FLRZJY.wav,sna,0.99860860421484,0.00134959,0.99829584,4.137e-05
ID_FNKFXO,ID_FNKFXO.wav,sna,0.9999749874172007,1.433e-05,0.99987173,1.068e-05
ID_FOIWOL,ID_FOIWOL.wav,lin,0.9999222439490242,0.99984443,6.436e-05,1.339e-05
ID_FOJOIW,ID_FOJOIW.wav,sna,0.9999130451552618,6.601e-05,0.99962735,2.092e-05
ID_FOKRFJ,ID_FOKRFJ.wav,lin,0.9999570164211872,0.99987376,3.149e-05,1.149e-05
ID_FRPCWP,ID_FRPCWP.wav,lin,0.9999404917539423,0.99980193,3.987e-05,1.963e-05
ID_FRPIJN,ID_FRPIJN.wav,sna,0.9999682162399811,1.89e-05,0.99984992,1.288e-05
ID_FSMBVW,ID_FSMBVW.wav,lin,0.9999612677922641,0.99990427,1.078e-05,2.795e-05
ID_FTZRME,ID_FTZRME.wav,lin,0.9999616177120318,0.99990201,3.07e-05,7.68e-06
ID_FUPBNF,ID_FUPBNF.wav,sna,0.9999600962454558,3.005e-05,0.99986601,9.85e-06
ID_FUVCDX,ID_FUVCDX.wav,sna,0.99995895677195,2.398e-05,0.99988031,1.706e-05
ID_FUVYYY,ID_FUVYYY.wav,sna,0.9999710587503169,1.515e-05,0.99992788,1.379e-05
ID_FVYBJQ,ID_FVYBJQ.wav,sna,0.9999761577659827,1.154e-05,0.99988246,1.23e-05
ID_FWBYPB,ID_FWBYPB.wav,lin,0.9999480954484897,0.99986041,3.945e-05,1.245e-05
ID_FXFVEC,ID_FXFVEC.wav,lin,0.9999561525735614,0.99978679,3.399e-05,9.85e-06
ID_FXNXBA,ID_FXNXBA.wav,sna,0.99996206746421,2.348e-05,0.99989522,1.445e-05
ID_FYISHL,ID_FYISHL.wav,sna,0.9999770677264944,1.368e-05,0.99987793,9.25e-06
ID_GAWUMM,ID_GAWUMM.wav,sna,0.9999472334711974,3.765e-05,0.99982351,1.511e-05
ID_GCKZBD,ID_GCKZBD.wav,sna,0.9999749579312747,1.28e-05,0.99989235,1.224e-05
ID_GCYPCZ,ID_GCYPCZ.wav,sna,0.9999889587069543,3.55e-06,0.99987185,7.49e-06
ID_GDGYJP,ID_GDGYJP.wav,lin,0.9999378820805864,0.9998104,3.244e-05,2.967e-05
ID_GDLJUS,ID_GDLJUS.wav,lin,0.9999300821482252,0.99981779,3.577e-05,3.414e-05
ID_GESZQP,ID_GESZQP.wav,sna,0.9999797459856544,1.071e-05,0.99978155,9.54e-06
ID_GGDBGD,ID_GGDBGD.wav,sna,0.9999875492466048,8.67e-06,0.99992704,3.78e-06
ID_GGKGFR,ID_GGKGFR.wav,lin,0.9999376464620603,0.99988091,5.452e-05,7.83e-06
ID_GGLQZP,ID_GGLQZP.wav,lin,0.9999193325003426,0.99982637,6.115e-05,1.951e-05
ID_GHLRHR,ID_GHLRHR.wav,sna,0.999971086634195,1.214e-05,0.99985468,1.677e-05
ID_GHZNHD,ID_GHZNHD.wav,sna,0.9999697669458568,1.492e-05,0.99986875,1.531e-05
ID_GKEQRS,ID_GKEQRS.wav,lin,0.9999532575544352,0.99990094,3.624e-05,1.05e-05
ID_GKZCUH,ID_GKZCUH.wav,sna,0.9999547352820584,2.04e-05,0.99985051,2.486e-05
ID_GKZTUQ,ID_GKZTUQ.wav,sna,0.999972297798506,1.739e-05,0.99989283,1.031e-05
ID_GLIUNU,ID_GLIUNU.wav,sna,0.9999695349845444,1.057e-05,0.99980491,1.989e-05
ID_GOJFMX,ID_GOJFMX.wav,lin,0.9999099353861157,0.99974769,5.761e-05,3.244e-05
ID_GPQJUU,ID_GPQJUU.wav,sna,0.999975607841294,1.235e-05,0.99988711,1.204e-05
ID_GQDNFR,ID_GQDNFR.wav,lin,0.9999344358419212,0.99987102,4.986e-05,1.57e-05
ID_GQPKUB,ID_GQPKUB.wav,lin,0.9999858293054942,0.99993682,4.44e-06,9.73e-06
ID_GRLGGS,ID_GRLGGS.wav,lin,0.9999551072148516,0.99989307,3.272e-05,1.217e-05
ID_GRNIBG,ID_GRNIBG.wav,lin,0.9999221134754459,0.99983835,5.713e-05,2.075e-05
ID_GTHNLE,ID_GTHNLE.wav,lin,0.9999418730015094,0.99982148,4.17e-05,1.642e-05
ID_GUMKQC,ID_GUMKQC.wav,lin,0.9999527223523677,0.99979097,2.789e-05,1.938e-05
ID_GVCCGR,ID_GVCCGR.wav,lin,0.9999359343743974,0.99984813,4.923e-05,1.483e-05
ID_GVCKDT,ID_GVCKDT.wav,lin,0.9999422652940442,0.99986076,4.658e-05,1.115e-05
ID_GWDPBR,ID_GWDPBR.wav,lin,0.9999347812496002,0.99980062,4.737e-05,1.784e-05
ID_GWQLRG,ID_GWQLRG.wav,sna,0.9999837395375525,1.427e-05,0.9999553,1.99e-06
ID_GXWURJ,ID_GXWURJ.wav,sna,0.9999739865584217,1.201e-05,0.99984169,1.4e-05
ID_GYTAHY,ID_GYTAHY.wav,sna,0.9999648045109115,1.171e-05,0.99980885,2.348e-05
ID_GZANIC,ID_GZANIC.wav,sna,0.9999995299943365,3e-07,0.99998748,1.7e-07
ID_HBRDXA,ID_HBRDXA.wav,sna,0.9999465545544436,3.67e-05,0.99984467,1.674e-05
ID_HCAQMQ,ID_HCAQMQ.wav,lin,0.9999931397673696,0.99995923,2.45e-06,4.41e-06
ID_HCOKTE,ID_HCOKTE.wav,sna,0.9999756482939195,1.78e-05,0.99990559,6.55e-06
ID_HCWVMP,ID_HCWVMP.wav,lin,0.9999743487497581,0.99992561,2.014e-05,5.51e-06
ID_HDHFPP,ID_HDHFPP.wav,lin,0.999952927316857,0.99989593,4.013e-05,6.94e-06
ID_HGBIRJ,ID_HGBIRJ.wav,sna,0.9999829487804968,1.3e-05,0.99991143,4.05e-06
ID_HGGJZI,ID_HGGJZI.wav,lin,0.999916639075551,0.9997856,5.713e-05,2.622e-05
ID_HGSMNI,ID_HGSMNI.wav,sna,0.9999511957550068,3.069e-05,0.99986422,1.811e-05
ID_HGSVJW,ID_HGSVJW.wav,lin,0.9997843448748104,0.99776709,0.00019009,2.513e-05
ID_HGTFYG,ID_HGTFYG.wav,lin,0.9999684782581086,0.99991322,1.601e-05,1.551e-05
ID_HINBMW,ID_HINBMW.wav,lin,0.999940306190938,0.9998765,3.929e-05,2.04e-05
ID_HKJBKE,ID_HKJBKE.wav,sna,0.9999671558948152,1.458e-05,0.99984217,1.826e-05
ID_HNLXNE,ID_HNLXNE.wav,sna,0.9999800785778096,8.14e-06,0.99990869,1.178e-05
ID_HNSQWM,ID_HNSQWM.wav,sna,0.999965127765736,3.272e-05,0.99990106,2.15e-06
ID_HNTJIA,ID_HNTJIA.wav,sna,0.9999661951682755,1.878e-05,0.99982327,1.502e-05
ID_HOAJII,ID_HOAJII.wav,sna,0.999967666701357,2.328e-05,0.99986565,9.05e-06
ID_HPCUNS,ID_HPCUNS.wav,lin,0.9999520744808973,0.99983692,3.356e-05,1.436e-05
ID_HQEFTR,ID_HQEFTR.wav,lin,0.9999492153684416,0.99985802,3.487e-05,1.591e-05
ID_HQVEIS,ID_HQVEIS.wav,lin,0.9999663384966773,0.99992168,2.203e-05,1.163e-05
ID_HRQBUU,ID_HRQBUU.wav,sna,0.9999519346551337,3.314e-05,0.99984074,1.492e-05
ID_HRTYFL,ID_HRTYFL.wav,sna,0.999975288802001,1.615e-05,0.99992681,8.56e-06
ID_HUPTLA,ID_HUPTLA.wav,sna,0.9999725676229846,1.807e-05,0.99988592,9.36e-06
ID_HUUNAY,ID_HUUNAY.wav,lin,0.9999382522593033,0.9998129,4.332e-05,1.842e-05
ID_HVDLMN,ID_HVDLMN.wav,sna,0.999960236281297,1.628e-05,0.99986672,2.348e-05
ID_HVVTQF,ID_HVVTQF.wav,lin,0.9999449833886539,0.99982482,4.065e-05,1.436e-05
ID_HXGURG,ID_HXGURG.wav,lin,0.9999277523735405,0.9998222,6.194e-05,1.03e-05
ID_HXTVSU,ID_HXTVSU.wav,lin,0.9998418088063912,0.99977106,5.885e-05,9.933e-05
ID_HXUZOB,ID_HXUZOB.wav,lin,0.9999810892012079,0.99993885,1.379e-05,5.12e-06
ID_HYHDGB,ID_HYHDGB.wav,lin,0.999936319816902,0.99977642,3.912e-05,2.455e-05
ID_HYKBKK,ID_HYKBKK.wav,lin,0.9999155190842208,0.99978632,5.664e-05,2.783e-05
ID_HYKQPA,ID_HYKQPA.wav,sna,0.999930767720181,6.116e-05,0.99989784,8.07e-06
ID_HZNFNO,ID_HZNFNO.wav,lin,0.9999199095858434,0.99978989,5.522e-05,2.486e-05
ID_HZRRCJ,ID_HZRRCJ.wav,lin,0.9999478431043368,0.99981564,2.066e-05,3.149e-05
ID_IABFQG,ID_IABFQG.wav,lin,0.9999591887075063,0.99992752,2.88e-05,1.201e-05
ID_IAQVWH,ID_IAQVWH.wav,lin,0.9999431668139316,0.99988711,4.464e-05,1.219e-05
ID_IAZYFG,ID_IAZYFG.wav,lin,0.9999382823056551,0.99981362,3.593e-05,2.578e-05
ID_IBOQSR,ID_IBOQSR.wav,sna,0.9999663844117446,1.684e-05,0.99980015,1.677e-05
ID_IFDPXA,ID_IFDPXA.wav,lin,0.999925543889387,0.99984348,6.381e-05,1.064e-05
ID_IGVBWB,ID_IGVBWB.wav,sna,0.9999652080373853,1.773e-05,0.9999088,1.706e-05
ID_IHETUB,ID_IHETUB.wav,lin,0.9999757481828114,0.99990082,2.165e-05,2.6e-06
ID_IIDVMA,ID_IIDVMA.wav,lin,0.9999242020692625,0.99981958,5.665e-05,1.914e-05
ID_IILLRK,ID_IILLRK.wav,lin,0.9999517447121856,0.99984217,2.819e-05,2.006e-05
ID_IIOLEC,ID_IIOLEC.wav,sna,0.9999799684621787,7.63e-06,0.9999032,1.24e-05
ID_IJLJDF,ID_IJLJDF.wav,lin,0.9998369616308452,0.99316251,0.00013067,3.128e-05
ID_IJZINK,ID_IJZINK.wav,lin,0.9999615378295797,0.99990511,2.611e-05,1.235e-05
ID_ILSQAM,ID_ILSQAM.wav,sna,0.9999716366624861,1.842e-05,0.99985397,9.94e-06
ID_ILZBDG,ID_ILZBDG.wav,lin,0.9999306004825502,0.99979347,4.737e-05,2.202e-05
ID_IMABFP,ID_IMABFP.wav,sna,0.9999805087720526,9.25e-06,0.99991751,1.024e-05
ID_IMDKXQ,ID_IMDKXQ.wav,sna,0.9999403355012968,4.464e-05,0.99986494,1.502e-05
ID_IMGJFD,ID_IMGJFD.wav,lin,0.9999373045806079,0.99985087,2.439e-05,3.83e-05
ID_IMQQQV,ID_IMQQQV.wav,lin,0.9999192809796494,0.99980754,6.354e-05,1.717e-05
ID_INGTEI,ID_INGTEI.wav,lin,0.999946914945241,0.9998517,3.717e-05,1.591e-05
ID_INJFRV,ID_INJFRV.wav,sna,0.9999478734857495,2.567e-05,0.99982291,2.645e-05
ID_INNLQH,ID_INNLQH.wav,lin,0.9999707087908588,0.99992943,2.378e-05,5.51e-06
ID_IODZNG,ID_IODZNG.wav,sna,0.9999628543586915,1.356e-05,0.99981099,2.358e-05
ID_IOLJWF,ID_IOLJWF.wav,sna,0.9999938399300217,4.06e-06,0.99998248,2.1e-06
ID_IOSAJP,ID_IOSAJP.wav,sna,0.9999862992371416,4.88e-06,0.99993062,8.82e-06
ID_IQDIMJ,ID_IQDIMJ.wav,lin,0.9999559666424565,0.99987972,3.07e-05,1.333e-05
ID_IQYLWJ,ID_IQYLWJ.wav,lin,0.9999832097494895,0.99996829,9.25e-06,7.54e-06
ID_IRJYBB,ID_IRJYBB.wav,lin,0.999944053388789,0.99982589,3.962e-05,1.632e-05
ID_ISKCCH,ID_ISKCCH.wav,sna,0.9999593843357395,1.163e-05,0.99981993,2.898e-05
ID_ISOCJR,ID_ISOCJR.wav,lin,0.9991436203261889,0.13096279,3.15e-05,8.075e-05
ID_ISSMME,ID_ISSMME.wav,lin,0.9999502065313869,0.99988055,3.962e-05,1.017e-05
ID_ITMCTW,ID_ITMCTW.wav,sna,0.9999853490724497,8.21e-06,0.99992204,6.44e-06
ID_IUIMQR,ID_IUIMQR.wav,lin,0.9999804688005891,0.99991906,1.017e-05,9.36e-06
ID_IVGGPA,ID_IVGGPA.wav,sna,0.9999741767850097,1.373e-05,0.99984968,1.209e-05
ID_IVNORQ,ID_IVNORQ.wav,sna,0.9999615358577966,1.427e-05,0.99985385,2.419e-05
ID_IVVGIB,ID_IVVGIB.wav,lin,0.9999212166194307,0.99975139,5.811e-05,2.066e-05
ID_IWEWTQ,ID_IWEWTQ.wav,lin,0.9999353636830928,0.99983764,5.247e-05,1.216e-05
ID_IXDKJW,ID_IXDKJW.wav,sna,0.9999965399430821,1.52e-06,0.99998009,1.94e-06
ID_IYXUVC,ID_IYXUVC.wav,sna,0.9999809088577769,1.224e-05,0.99992108,6.85e-06
ID_IZARIE,ID_IZARIE.wav,sna,0.9999649552955988,1.245e-05,0.99983072,2.259e-05
ID_JADHES,ID_JADHES.wav,sna,0.9999578532674809,3.286e-05,0.99979812,9.28e-06
ID_JBDFJJ,ID_JBDFJJ.wav,lin,0.9999774384380631,0.99990821,1.58e-05,6.76e-06
ID_JCDLVE,ID_JCDLVE.wav,lin,0.9999542258308887,0.99986315,2.471e-05,2.106e-05
ID_JCQMTM,ID_JCQMTM.wav,sna,0.9999744858041906,1.59e-05,0.99981004,9.61e-06
ID_JCUBGG,ID_JCUBGG.wav,lin,0.9999455956373141,0.99986541,4.013e-05,1.427e-05
ID_JCXYBZ,ID_JCXYBZ.wav,sna,0.9999785959098925,1.188e-05,0.99978751,9.52e-06
ID_JDBNBJ,ID_JDBNBJ.wav,sna,0.9999767087655645,1.209e-05,0.99992371,1.12e-05
ID_JDMXJQ,ID_JDMXJQ.wav,sna,0.9999775682142055,1.193e-05,0.99989796,1.05e-05
ID_JEKZXG,ID_JEKZXG.wav,lin,0.9999572142025244,0.99982172,3.03e-05,1.248e-05
ID_JFEGKS,ID_JFEGKS.wav,sna,0.9999599463519137,2.363e-05,0.99986887,1.642e-05
ID_JFHUZS,ID_JFHUZS.wav,lin,0.9999742195091395,0.99995518,2.289e-05,2.89e-06
ID_JGYBLF,ID_JGYBLF.wav,sna,0.9999751979659851,1.158e-05,0.99989319,1.322e-05
ID_JHGCDD,ID_JHGCDD.wav,sna,0.9999934997919934,5.07e-06,0.9999615,1.43e-06
ID_JHHVQW,ID_JHHVQW.wav,sna,0.9999781380958281,1.313e-05,0.99989104,8.73e-06
ID_JIMMLA,ID_JIMMLA.wav,lin,0.9999563368470837,0.99988413,3.149e-05,1.217e-05
ID_JIWBNE,ID_JIWBNE.wav,lin,0.999947654927239,0.99985075,3.356e-05,1.878e-05
ID_JKLYVJ,ID_JKLYVJ.wav,sna,0.9999657164670819,2.031e-05,0.99986267,1.397e-05
ID_JKWHQU,ID_JKWHQU.wav,sna,0.9999579756088713,3.371e-05,0.99985349,8.31e-06
ID_JLJRGG,ID_JLJRGG.wav,sna,0.9999528060013162,3.148e-05,0.9996562,1.57e-05
ID_JNBDOP,ID_JNBDOP.wav,sna,0.9999821166604651,1.112e-05,0.99979538,6.76e-06
ID_JODRQI,ID_JODRQI.wav,lin,0.9999402788184032,0.99975306,3.532e-05,2.439e-05
ID_JPKLRV,ID_JPKLRV.wav,lin,0.9999417346151132,0.99984932,4.658e-05,1.168e-05
ID_JRCNAR,ID_JRCNAR.wav,sna,0.9999620345686654,1.858e-05,0.99981898,1.938e-05
ID_JRCNKZ,ID_JRCNKZ.wav,lin,0.9999876795319453,0.99994969,9.33e-06,2.99e-06
ID_JSLETR,ID_JSLETR.wav,sna,0.9999762089493872,7.16e-06,0.99993205,1.663e-05
ID_JTAVKT,ID_JTAVKT.wav,lin,0.999946943564785,0.99982566,4.065e-05,1.24e-05
ID_JTZFPP,ID_JTZFPP.wav,lin,0.9999693480051681,0.99990427,2.503e-05,5.62e-06
ID_JVFLIH,ID_JVFLIH.wav,sna,0.9999786670650148,1.037e-05,0.99984109,1.096e-05
ID_JVWWXY,ID_JVWWXY.wav,sna,0.9999899295876167,6.89e-06,0.99994898,3.18e-06
ID_JWAFPP,ID_JWAFPP.wav,lin,0.9999582851856933,0.99984288,2.713e-05,1.458e-05
ID_JXEBBV,ID_JXEBBV.wav,sna,0.999981978303077,6.44e-06,0.99988782,1.158e-05
ID_JXFHBA,ID_JXFHBA.wav,sna,0.9999634191012072,3.07e-05,0.99993885,5.88e-06
ID_JZOPGC,ID_JZOPGC.wav,sna,0.9999711683496764,1.064e-05,0.99991393,1.819e-05
ID_KAXPYS,ID_KAXPYS.wav,lin,0.9999590874891993,0.99989772,3.488e-05,6.03e-06
ID_KCSMOL,ID_KCSMOL.wav,sna,0.9999728981077458,1.421e-05,0.99990308,1.289e-05
ID_KCUAHT,ID_KCUAHT.wav,lin,0.9999640670459519,0.99988186,2.12e-05,1.473e-05
ID_KDCLWN,ID_KDCLWN.wav,sna,0.9999815487456837,1.194e-05,0.99991357,6.51e-06
ID_KDXEAT,ID_KDXEAT.wav,lin,0.9999721840009234,0.99975652,1.567e-05,1.214e-05
ID_KGNJCZ,ID_KGNJCZ.wav,sna,0.9999531335113346,2.368e-05,0.99981469,2.318e-05
ID_KHKIOB,ID_KHKIOB.wav,sna,0.9999571329226455,1.938e-05,0.99979204,2.348e-05
ID_KHNWAX,ID_KHNWAX.wav,lin,0.9999433407039093,0.99977928,3.272e-05,2.393e-05
ID_KITUNQ,ID_KITUNQ.wav,sna,0.9999900396420247,6.43e-06,0.9999541,3.53e-06
ID_KJKKHS,ID_KJKKHS.wav,lin,0.9999737278496245,0.99989188,1.964e-05,6.63e-06
ID_KJPMTZ,ID_KJPMTZ.wav,lin,0.9999532551076795,0.9998486,2.486e-05,2.188e-05
ID_KJVWAL,ID_KJVWAL.wav,sna,0.999975656567576,1.356e-05,0.99983466,1.078e-05
ID_KMVRGB,ID_KMVRGB.wav,sna,0.9999755464525238,1.642e-05,0.99983048,8.03e-06
ID_KNAKMY,ID_KNAKMY.wav,sna,0.9999755678211383,1.834e-05,0.99988639,6.09e-06
ID_KNYOLJ,ID_KNYOLJ.wav,lin,0.9998934118208044,0.99822193,6.634e-05,4.007e-05
ID_KPHGHG,ID_KPHGHG.wav,lin,0.9999518934334537,0.9998154,3.829e-05,9.81e-06
ID_KQDYTS,ID_KQDYTS.wav,sna,0.9999651262646742,1.256e-05,0.99985802,2.231e-05
ID_KQOSNA,ID_KQOSNA.wav,sna,0.9999653569091435,1.721e-05,0.99987614,1.743e-05
ID_KQOZUQ,ID_KQOZUQ.wav,lin,0.9999084719442605,0.99971122,5.314e-05,3.837e-05
ID_KQXUZF,ID_KQXUZF.wav,sna,0.9999694063003038,1.819e-05,0.99984848,1.24e-05
ID_KRJRRI,ID_KRJRRI.wav,sna,0.9999764774939122,1.439e-05,0.99986994,9.13e-06
ID_KTMEGI,ID_KTMEGI.wav,lin,0.9999458134694393,0.9998253,4.17e-05,1.248e-05
ID_KTXNJJ,ID_KTXNJJ.wav,lin,0.9999722788484634,0.99993074,2.348e-05,4.24e-06
ID_KTZGRZ,ID_KTZGRZ.wav,sna,0.9999567480450117,1.78e-05,0.99991155,2.545e-05
ID_KUAFOJ,ID_KUAFOJ.wav,sna,0.9999755283934391,1.926e-05,0.99990988,5.21e-06
ID_KVBDQL,ID_KVBDQL.wav,sna,0.9999831586695349,4.8e-06,0.99990416,1.204e-05
ID_KVDOAK,ID_KVDOAK.wav,lin,0.9999369036386249,0.99983609,4.677e-05,1.632e-05
ID_KVEFCF,ID_KVEFCF.wav,lin,0.9999329718151885,0.99981087,4.86e-05,1.842e-05
ID_KVLQAJ,ID_KVLQAJ.wav,lin,0.9999764386704342,0.99992001,1.483e-05,8.73e-06
ID_KWGXEV,ID_KWGXEV.wav,sna,0.9999756787243491,5.66e-06,0.99992323,1.866e-05
ID_KWONMZ,ID_KWONMZ.wav,lin,0.999920747956067,0.99976879,5.616e-05,2.308e-05
ID_KXHRFU,ID_KXHRFU.wav,lin,0.999957365616759,0.99985456,2.771e-05,1.492e-05
ID_KXUYAU,ID_KXUYAU.wav,sna,0.9999579779085606,2.481e-05,0.99990821,1.721e-05
ID_KXVLRC,ID_KXVLRC.wav,lin,0.9999347398775024,0.99977964,4.819e-05,1.706e-05
ID_KYQFZI,ID_KYQFZI.wav,lin,0.9999762196525691,0.99996161,2.289e-05,8.9e-07
ID_KYRBIL,ID_KYRBIL.wav,lin,0.9999392368828521,0.99988794,5.159e-05,9.17e-06
ID_KYSXGP,ID_KYSXGP.wav,lin,0.99996277795986,0.99990797,2.954e-05,7.68e-06
ID_KZHIEW,ID_KZHIEW.wav,sna,0.9999583466352412,2.843e-05,0.99987757,1.322e-05
ID_KZOKGB,ID_KZOKGB.wav,lin,0.9999287523736541,0.99982172,4.388e-05,2.736e-05
ID_KZSWED,ID_KZSWED.wav,sna,0.9999674172200371,2.203e-05,0.9998821,1.055e-05
ID_LBCZYP,ID_LBCZYP.wav,lin,0.9999673272973141,0.99988461,2.348e-05,9.19e-06
ID_LBHOTH,ID_LBHOTH.wav,sna,0.9999734470807721,1.611e-05,0.99986351,1.044e-05
ID_LBNNVO,ID_LBNNVO.wav,lin,0.9999536850832085,0.99984753,3.67e-05,9.61e-06
ID_LBOBOR,ID_LBOBOR.wav,lin,0.99994249204665,0.9998042,4.943e-05,8.07e-06
ID_LBPCDU,ID_LBPCDU.wav,sna,0.9999808177794661,1.272e-05,0.99986506,6.46e-06
ID_LBUPDF,ID_LBUPDF.wav,lin,0.9999292683533271,0.99976462,4.388e-05,2.684e-05
ID_LCANJA,ID_LCANJA.wav,lin,0.9999657852753511,0.99953544,1.75e-05,1.67e-05
ID_LCIVIO,ID_LCIVIO.wav,lin,0.9999566770323767,0.99988818,3.149e-05,1.183e-05
ID_LCVUBW,ID_LCVUBW.wav,lin,0.9999708082143385,0.99990964,1.914e-05,1.005e-05
ID_LDWRZZ,ID_LDWRZZ.wav,sna,0.9999765574726611,1.224e-05,0.99986875,1.12e-05
ID_LEPTJM,ID_LEPTJM.wav,lin,0.9999335405714009,0.99979168,5.114e-05,1.531e-05
ID_LFETUG,ID_LFETUG.wav,lin,0.9999621085176852,0.99992299,2.795e-05,9.94e-06
ID_LFOMIT,ID_LFOMIT.wav,sna,0.9999793981404761,1.105e-05,0.99988914,9.55e-06
ID_LFZTDM,ID_LFZTDM.wav,lin,0.999921729624479,0.99978918,6.194e-05,1.632e-05
ID_LHDEEV,ID_LHDEEV.wav,sna,0.9999615918851334,1.914e-05,0.99975032,1.926e-05
ID_LIEJMC,ID_LIEJMC.wav,sna,0.9999568645071263,2.471e-05,0.99982953,1.842e-05
ID_LIOGPY,ID_LIOGPY.wav,lin,0.999933845638443,0.99986792,4.819e-05,1.796e-05
ID_LLASDQ,ID_LLASDQ.wav,sna,0.9999709977398538,1.127e-05,0.99989307,1.773e-05
ID_LLFEAD,ID_LLFEAD.wav,sna,0.9999749971556764,1.373e-05,0.99986124,1.127e-05
ID_LMSRXP,ID_LMSRXP.wav,lin,0.9999771197297841,0.99996531,2.231e-05,5.7e-07
ID_LNPWHH,ID_LNPWHH.wav,lin,0.9999831095584838,0.99995697,1.256e-05,4.33e-06
ID_LNYEZX,ID_LNYEZX.wav,sna,0.9999485420260723,3.169e-05,0.99979359,1.976e-05
ID_LPEIYY,ID_LPEIYY.wav,sna,0.999958165715751,2.719e-05,0.99985576,1.464e-05
ID_LRTXFY,ID_LRTXFY.wav,sna,0.9999878992620971,5.99e-06,0.99992692,6.11e-06
ID_LSWZUO,ID_LSWZUO.wav,sna,0.9999434456272158,3.765e-05,0.99986613,1.89e-05
ID_LTFSXS,ID_LTFSXS.wav,lin,0.999983889763985,0.99996924,1.541e-05,7e-07
ID_LTOEWY,ID_LTOEWY.wav,lin,0.9999633676126672,0.9998982,1.89e-05,1.773e-05
ID_LUJEWA,ID_LUJEWA.wav,lin,0.9999627273767528,0.99989235,2.772e-05,9.55e-06
ID_LVPXZS,ID_LVPXZS.wav,sna,0.9997025835656954,0.00025537,0.99937844,4.195e-05
ID_LWTHMI,ID_LWTHMI.wav,sna,0.9999810265792819,1.03e-05,0.99980074,8.67e-06
ID_LYKQXB,ID_LYKQXB.wav,lin,0.9999348752276567,0.9998616,5.593e-05,9.19e-06
ID_MACGWC,ID_MACGWC.wav,sna,0.9999602259820287,1.963e-05,0.99985921,2.014e-05
ID_MCNTAD,ID_MCNTAD.wav,lin,0.9999106270882954,0.99976617,7.597e-05,1.339e-05
ID_MCYHND,ID_MCYHND.wav,sna,0.9999851283401741,8.84e-06,0.99987352,6.03e-06
ID_MDBXFH,ID_MDBXFH.wav,sna,0.9999629742313852,1.963e-05,0.99980718,1.739e-05
ID_MDCGJE,ID_MDCGJE.wav,lin,0.9999902198508528,0.99997497,7.25e-06,2.53e-06
ID_MEVBOM,ID_MEVBOM.wav,lin,0.999934310152435,0.99978441,4.829e-05,1.739e-05
ID_MEYEQA,ID_MEYEQA.wav,lin,0.9999638074310515,0.99989283,2.967e-05,6.52e-06
ID_MFQGCD,ID_MFQGCD.wav,lin,0.9999939298393228,0.99996746,3.74e-06,2.33e-06
ID_MGDHTX,ID_MGDHTX.wav,lin,0.9999717664854921,0.99984729,1.842e-05,9.81e-06
ID_MHRFHJ,ID_MHRFHJ.wav,sna,0.9999613862204834,2.967e-05,0.99986351,8.94e-06
ID_MHZXZI,ID_MHZXZI.wav,lin,0.9999395997905526,0.99977058,3.765e-05,2.274e-05
ID_MJJIBY,ID_MJJIBY.wav,sna,0.9999651958175814,1.939e-05,0.99984503,1.541e-05
ID_MJORJS,ID_MJORJS.wav,lin,0.9999653287636237,0.99992967,2.46e-05,1.007e-05
ID_MJSRCG,ID_MJSRCG.wav,lin,0.9999576348856833,0.99983692,3.109e-05,1.127e-05
ID_MJZITO,ID_MJZITO.wav,lin,0.9999481947661173,0.99984717,3.258e-05,1.922e-05
ID_MKIPOE,ID_MKIPOE.wav,sna,0.9999903797278425,5.01e-06,0.99996209,4.61e-06
ID_MLEGVG,ID_MLEGVG.wav,lin,0.9999279534408813,0.99983692,5.593e-05,1.611e-05
ID_MMIEEU,ID_MMIEEU.wav,lin,0.9999448048017162,0.99985063,3.813e-05,1.706e-05
ID_MNHJZF,ID_MNHJZF.wav,sna,0.9999826488841497,8.62e-06,0.99991834,8.73e-06
ID_MNKDTM,ID_MNKDTM.wav,sna,0.9999562957829801,1.391e-05,0.99985981,2.979e-05
ID_MOIEXY,ID_MOIEXY.wav,lin,0.9999353852445744,0.99970704,3.271e-05,3.189e-05
ID_MPUFTN,ID_MPUFTN.wav,lin,0.9999281911129322,0.99980444,5.452e-05,1.728e-05
ID_MQDJDC,ID_MQDJDC.wav,lin,0.9999647116811318,0.99972898,1.409e-05,2.119e-05
ID_MQICOY,ID_MQICOY.wav,sna,0.9999690381128731,1.663e-05,0.99990809,1.433e-05
ID_MRAIGA,ID_MRAIGA.wav,lin,0.9999466274921528,0.99971229,3.162e-05,2.174e-05
ID_MRGPUB,ID_MRGPUB.wav,sna,0.9999757072510326,1.168e-05,0.99986255,1.261e-05
ID_MUWHHA,ID_MUWHHA.wav,lin,0.999947895627401,0.99986398,3.765e-05,1.445e-05
ID_MUYVGV,ID_MUYVGV.wav,lin,0.9999834296444001,0.99996197,1.339e-05,3.18e-06
ID_MVMHDG,ID_MVMHDG.wav,sna,0.9998875031029661,0.00010542,0.99973732,7.06e-06
ID_MVOEEV,ID_MVOEEV.wav,lin,0.9999393515929179,0.99980074,3.862e-05,2.202e-05
ID_MVWCPO,ID_MVWCPO.wav,sna,0.9999662770607087,2.308e-05,0.99987912,1.064e-05
ID_MVXHMA,ID_MVXHMA.wav,lin,0.9999502471252789,0.99989247,3.109e-05,1.866e-05
ID_MWGZPD,ID_MWGZPD.wav,lin,0.9999474643991796,0.99984086,3.547e-05,1.706e-05
ID_MWLIFS,ID_MWLIFS.wav,sna,0.9999755964732023,6.82e-06,0.99983108,1.758e-05
ID_MWXPLB,ID_MWXPLB.wav,sna,0.9999941098268288,4.47e-06,0.99996471,1.42e-06
ID_MWZVRV,ID_MWZVRV.wav,sna,0.9999783072096564,1.078e-05,0.99984968,1.091e-05
ID_MYASSN,ID_MYASSN.wav,lin,0.9999749890453319,0.99993682,1.409e-05,1.092e-05
ID_MYATCF,ID_MYATCF.wav,sna,0.9999549647858229,3.011e-05,0.99983919,1.492e-05
ID_MYSUOX,ID_MYSUOX.wav,sna,0.9999756380001235,1.365e-05,0.99989355,1.071e-05
ID_NANEDK,ID_NANEDK.wav,sna,0.9999668664328403,1.997e-05,0.99985921,1.316e-05
ID_NBXFCB,ID_NBXFCB.wav,lin,0.9999715764436448,0.99984646,6.11e-06,2.231e-05
ID_NCTBDJ,ID_NCTBDJ.wav,sna,0.9999802494930045,1.224e-05,0.99995458,7.51e-06
ID_NCTMCH,ID_NCTMCH.wav,lin,0.9999521912313937,0.99976879,3.03e-05,1.75e-05
ID_NDLOUL,ID_NDLOUL.wav,lin,0.9999422123616301,0.99981004,3.912e-05,1.866e-05
ID_NDMSAY,ID_NDMSAY.wav,sna,0.9999501644812147,2.917e-05,0.99983943,2.066e-05
ID_NEFGZN,ID_NEFGZN.wav,sna,0.9999661970686098,2.645e-05,0.99987948,7.35e-06
ID_NEMBWZ,ID_NEMBWZ.wav,sna,0.9999512235200446,3.862e-05,0.99981838,1.015e-05
ID_NHJQMJ,ID_NHJQMJ.wav,sna,0.9999697816621562,1.642e-05,0.99969387,1.379e-05
ID_NIXPQE,ID_NIXPQE.wav,lin,0.9999852690035953,0.99991763,7.63e-06,7.1e-06
ID_NJUTWH,ID_NJUTWH.wav,sna,0.9999568860818071,3.031e-05,0.99986601,1.28e-05
ID_NJZYRN,ID_NJZYRN.wav,lin,0.9999283428844484,0.99982905,6.115e-05,1.05e-05
ID_NKDDHC,ID_NKDDHC.wav,lin,0.9999543367067633,0.99988222,2.535e-05,2.031e-05
ID_NKKWME,ID_NKKWME.wav,sna,0.9999495045919418,3.043e-05,0.99984241,2.006e-05
ID_NMFAKL,ID_NMFAKL.wav,lin,0.9999788193099332,0.99994624,1.272e-05,8.46e-06
ID_NNEJUC,ID_NNEJUC.wav,sna,0.9999674045441727,1.85e-05,0.99980003,1.409e-05
ID_NNNBWD,ID_NNNBWD.wav,sna,0.999971466769753,1.11e-05,0.99985826,1.743e-05
ID_NOGIXK,ID_NOGIXK.wav,lin,0.9999710977378199,0.99989283,2.023e-05,8.67e-06
ID_NPRXQR,ID_NPRXQR.wav,lin,0.9999369399072321,0.9997769,4.117e-05,2.188e-05
ID_NQRVCV,ID_NQRVCV.wav,lin,0.9999612776727881,0.99990118,2.88e-05,9.92e-06
ID_NRKEFH,ID_NRKEFH.wav,lin,0.9999286110533735,0.99966323,4.559e-05,2.578e-05
ID_NRYMLU,ID_NRYMLU.wav,lin,0.9999358650532716,0.99985874,5.028e-05,1.385e-05
ID_NSIWDG,ID_NSIWDG.wav,sna,0.9999982599491035,9.9e-07,0.99996901,7.5e-07
ID_NSLCMX,ID_NSLCMX.wav,lin,0.9999401024732767,0.99981445,4.013e-05,1.976e-05
ID_NSYLRD,ID_NSYLRD.wav,lin,0.9999472757150973,0.99986601,4.388e-05,8.84e-06
ID_NTGLVW,ID_NTGLVW.wav,lin,0.9999178768939736,0.9997583,5.428e-05,2.783e-05
ID_NTGXTG,ID_NTGXTG.wav,lin,0.9999182547928303,0.99985456,7.128e-05,1.046e-05
ID_NTYPHW,ID_NTYPHW.wav,lin,0.9999426355835136,0.99986565,4.351e-05,1.385e-05
ID_NUNSVE,ID_NUNSVE.wav,sna,0.9999637743571317,2.001e-05,0.99980801,1.621e-05
ID_NUOSCF,ID_NUOSCF.wav,sna,0.99996507589048,2.455e-05,0.99984741,1.037e-05
ID_NWLPMF,ID_NWLPMF.wav,lin,0.9999659074273743,0.99989045,2.502e-05,9.07e-06
ID_NXAUAF,ID_NXAUAF.wav,lin,0.9999494253709041,0.9998579,2.754e-05,2.303e-05
ID_NXLUAE,ID_NXLUAE.wav,sna,0.9999723584968551,1.56e-05,0.99991798,1.204e-05
ID_NYOCNO,ID_NYOCNO.wav,sna,0.9999659472907665,2.066e-05,0.99988639,1.339e-05
ID_NYWGFD,ID_NYWGFD.wav,lin,0.9999601060652613,0.99986148,2.439e-05,1.55e-05
ID_NZNZDT,ID_NZNZDT.wav,lin,0.9999357036713122,0.99983728,4.17e-05,2.259e-05
ID_OAGKDL,ID_OAGKDL.wav,lin,0.9999961499670822,0.9999876,3.42e-06,4.3e-07
ID_OAGTZM,ID_OAGTZM.wav,sna,0.9999618451012926,1.02e-05,0.99983346,2.795e-05
ID_OCZFPU,ID_OCZFPU.wav,sna,0.9999582847380368,2.713e-05,0.99983215,1.458e-05
ID_ODFKRY,ID_ODFKRY.wav,lin,0.9999573766033415,0.99987769,3.149e-05,1.113e-05
ID_ODGKGY,ID_ODGKGY.wav,lin,0.9999646681316507,0.99991179,2.992e-05,5.41e-06
ID_OESMJN,ID_OESMJN.wav,sna,0.999954605182248,3.429e-05,0.99984848,1.11e-05
ID_OEWYCL,ID_OEWYCL.wav,sna,0.9999719172835588,1.261e-05,0.99987519,1.547e-05
ID_OFMRHS,ID_OFMRHS.wav,sna,0.9999797475733543,9.05e-06,0.99985993,1.12e-05
ID_OGFYLY,ID_OGFYLY.wav,sna,0.9999830890381044,8.24e-06,0.99992621,8.67e-06
ID_OIEWKO,ID_OIEWKO.wav,lin,0.9999626177611778,0.99990273,1.171e-05,2.567e-05
ID_OIRQQG,ID_OIRQQG.wav,sna,0.9999650862911167,1.528e-05,0.99985886,1.963e-05
ID_OIZXCN,ID_OIZXCN.wav,sna,0.9999729577655001,1.382e-05,0.99989033,1.322e-05
ID_OLQQKH,ID_OLQQKH.wav,sna,0.999964405474868,2.535e-05,0.99983728,1.024e-05
ID_OMIOGO,ID_OMIOGO.wav,lin,0.9999531750754227,0.99984801,3.314e-05,1.368e-05
ID_OMVDDX,ID_OMVDDX.wav,lin,0.9999592468073949,0.99988091,2.702e-05,1.373e-05
ID_OMYCXL,ID_OMYCXL.wav,sna,0.9999958599218768,2.05e-06,0.99997699,2.09e-06
ID_ONBGPT,ID_ONBGPT.wav,lin,0.9999580916166471,0.99975806,2.202e-05,1.988e-05
ID_OOXOVZ,ID_OOXOVZ.wav,sna,0.999982246785217,9.18e-06,0.9992379,8.56e-06
ID_OPDKDJ,ID_OPDKDJ.wav,lin,0.999946425212557,0.99985707,3.356e-05,2.001e-05
ID_OPOHQH,ID_OPOHQH.wav,sna,0.9999512257385927,3.149e-05,0.99986386,1.728e-05
ID_OQBYLS,ID_OQBYLS.wav,sna,0.9999481223724325,2.748e-05,0.9998011,2.439e-05
ID_OQHYVU,ID_OQHYVU.wav,sna,0.9999514370842826,2.942e-05,0.9998914,1.914e-05
ID_OQJLPT,ID_OQJLPT.wav,lin,0.9999461095441738,0.9997521,3.577e-05,1.811e-05
ID_ORDZHU,ID_ORDZHU.wav,sna,0.9999810589137287,8.79e-06,0.99992371,1.015e-05
ID_ORXUPM,ID_ORXUPM.wav,sna,0.9999864197182091,1.163e-05,0.99996567,1.95e-06
ID_OSQUUH,ID_OSQUUH.wav,sna,0.9999509756706614,2.584e-05,0.99986267,2.318e-05
ID_OUJCUX,ID_OUJCUX.wav,lin,0.9999217259286702,0.99974197,4.891e-05,2.935e-05
ID_OUJOWD,ID_OUJOWD.wav,lin,0.9999484757322449,0.99986565,3.912e-05,1.24e-05
ID_OUMCAD,ID_OUMCAD.wav,sna,0.9999662376180639,2.289e-05,0.99989569,1.087e-05
ID_OWIOED,ID_OWIOED.wav,lin,0.9999557367298296,0.99988186,2.333e-05,2.093e-05
ID_OWPLHO,ID_OWPLHO.wav,lin,0.9999445449968496,0.99985433,2.69e-05,2.855e-05
ID_OXFWCP,ID_OXFWCP.wav,sna,0.9999823477821753,8.79e-06,0.99985671,8.86e-06
ID_OYEAHK,ID_OYEAHK.wav,lin,0.9999418151863704,0.99985909,4.923e-05,8.95e-06
ID_OYPRHA,ID_OYPRHA.wav,sna,0.9999725571838182,1.464e-05,0.99986994,1.28e-05
ID_OZLILC,ID_OZLILC.wav,lin,0.9999139749249658,0.99973875,6.687e-05,1.914e-05
ID_OZSILI,ID_OZSILI.wav,sna,0.9999814188810451,7.04e-06,0.9999212,1.154e-05
ID_PAKEML,ID_PAKEML.wav,lin,0.999957783521037,0.99980432,2.719e-05,1.502e-05
ID_PATITK,ID_PATITK.wav,sna,0.9999671479188206,2.184e-05,0.9999038,1.101e-05
ID_PAUVNP,ID_PAUVNP.wav,sna,0.9999814088408412,1.297e-05,0.99991906,5.62e-06
ID_PAZHTC,ID_PAZHTC.wav,sna,0.9999803980288258,9.05e-06,0.99987984,1.055e-05
ID_PBZOVJ,ID_PBZOVJ.wav,lin,0.9999193345155537,0.99985135,6.381e-05,1.685e-05
ID_PCHJMX,ID_PCHJMX.wav,sna,0.9999581551112617,2.245e-05,0.99984133,1.939e-05
ID_PDIVWS,ID_PDIVWS.wav,sna,0.9999505703958279,2.644e-05,0.99975628,2.298e-05
ID_PEKFBS,ID_PEKFBS.wav,lin,0.9999500831878526,0.99981362,2.789e-05,2.202e-05
ID_PEYHNZ,ID_PEYHNZ.wav,lin,0.9999479357468711,0.99986625,3.23e-05,1.976e-05
ID_PFEHBE,ID_PFEHBE.wav,sna,0.9999858492876531,7.63e-06,0.99993551,6.52e-06
ID_PGCLNI,ID_PGCLNI.wav,sna,0.9999643075722011,1.758e-05,0.99989629,1.811e-05
ID_PHABFK,ID_PHABFK.wav,sna,0.9999527540115709,2.684e-05,0.99982601,2.04e-05
ID_PHGEPM,ID_PHGEPM.wav,lin,0.9999515357797357,0.99986446,3.05e-05,1.796e-05
ID_PIRDKK,ID_PIRDKK.wav,lin,0.9999860796411332,0.9999603,1.078e-05,3.14e-06
ID_PIWSSK,ID_PIWSSK.wav,sna,0.9999727286208864,2.058e-05,0.99992216,6.69e-06
ID_PJWOTA,ID_PJWOTA.wav,lin,0.9999314660935674,0.99987447,5.665e-05,1.188e-05
ID_PKWEOW,ID_PKWEOW.wav,lin,0.9999619856849952,0.99984848,1.663e-05,2.138e-05
ID_PLPFOQ,ID_PLPFOQ.wav,sna,0.9999556256211363,2.535e-05,0.99985695,1.902e-05
ID_PLXELZ,ID_PLXELZ.wav,sna,0.9999694061399726,7.8e-06,0.99984324,2.279e-05
ID_PMAOSQ,ID_PMAOSQ.wav,sna,0.9999744188398945,1.409e-05,0.99992907,1.149e-05
ID_PMRSSB,ID_PMRSSB.wav,sna,0.9999637468108069,2.303e-05,0.99987578,1.322e-05
ID_PNORCR,ID_PNORCR.wav,lin,0.9999657576619332,0.99989748,2.6e-05,8.24e-06
ID_PPVGVT,ID_PPVGVT.wav,lin,0.9999447493620421,0.99975222,3.717e-05,1.807e-05
ID_PQWUBQ,ID_PQWUBQ.wav,sna,0.9999961699183427,6.3e-07,0.99997485,3.2e-06
ID_PQWWAS,ID_PQWWAS.wav,sna,0.9999646886959536,3.314e-05,0.99992776,2.17e-06
ID_PRBMHZ,ID_PRBMHZ.wav,lin,0.9999637971674904,0.99988556,2.175e-05,1.445e-05
ID_PRSUDQ,ID_PRSUDQ.wav,sna,0.9999744676111897,1.656e-05,0.99988091,8.97e-06
ID_PSPVUJ,ID_PSPVUJ.wav,sna,0.9999388948977239,3.608e-05,0.9998554,2.502e-05
ID_PUGWCR,ID_PUGWCR.wav,lin,0.9999242100184594,0.99979252,3.765e-05,3.813e-05
ID_PUOAUM,ID_PUOAUM.wav,sna,0.9999133315976981,4.277e-05,0.99970102,4.388e-05
ID_PUPCBF,ID_PUPCBF.wav,sna,0.9999805889929569,1.059e-05,0.99992871,8.82e-06
ID_PUXKZB,ID_PUXKZB.wav,sna,0.9999544853110767,2.725e-05,0.99985147,1.826e-05
ID_PVJVYB,ID_PVJVYB.wav,sna,0.9999611343403827,1.811e-05,0.99981552,2.075e-05
ID_PVXWGL,ID_PVXWGL.wav,sna,0.9999883494232964,6.75e-06,0.99993885,4.9e-06
ID_PWNRMS,ID_PWNRMS.wav,sna,0.9999769879206285,1.322e-05,0.99988663,9.79e-06
ID_PXMPIS,ID_PXMPIS.wav,lin,0.9999468235055547,0.9998247,2.534e-05,2.783e-05
ID_PYLEZL,ID_PYLEZL.wav,sna,0.9999713450189047,1.854e-05,0.99979752,1.011e-05
ID_PYSGDM,ID_PYSGDM.wav,lin,0.9999185156739128,0.99949729,7.1e-06,7.435e-05
ID_PZNPDS,ID_PZNPDS.wav,sna,0.999974148683651,1.521e-05,0.99992323,1.064e-05
ID_QAFTFH,ID_QAFTFH.wav,lin,0.9999476122303698,0.99979931,2.736e-05,2.502e-05
ID_QBLCHX,ID_QBLCHX.wav,lin,0.9999788391461596,0.99993849,1.427e-05,6.89e-06
ID_QDWOCD,ID_QDWOCD.wav,lin,0.9999590468195759,0.99988139,2.106e-05,1.989e-05
ID_QELUFU,ID_QELUFU.wav,sna,0.9999522648980723,1.819e-05,0.99984539,2.954e-05
ID_QFAWQN,ID_QFAWQN.wav,sna,0.9999529040070348,2.992e-05,0.99982566,1.717e-05
ID_QJKNRG,ID_QJKNRG.wav,lin,0.9999375308214036,0.99979061,4.332e-05,1.914e-05
ID_QKDYKB,ID_QKDYKB.wav,lin,0.999961128327352,0.9999181,2.398e-05,1.489e-05
ID_QMZGIX,ID_QMZGIX.wav,sna,0.9999780181326404,1.591e-05,0.99989307,6.07e-06
ID_QNVSXY,ID_QNVSXY.wav,lin,0.9999906284824701,0.9998287,3.46e-06,5.91e-06
ID_QNYPTX,ID_QNYPTX.wav,lin,0.9999372865692917,0.99972314,4.52e-05,1.75e-05
ID_QOYCEF,ID_QOYCEF.wav,lin,0.9999446730852423,0.9998197,4.388e-05,1.144e-05
ID_QPGYFR,ID_QPGYFR.wav,sna,0.9999843891885499,6.52e-06,0.99993241,9.09e-06
ID_QQBRNC,ID_QQBRNC.wav,sna,0.9999568860611106,2.492e-05,0.99986553,1.819e-05
ID_QQNNCC,ID_QQNNCC.wav,lin,0.9999420335889149,0.99983144,3.962e-05,1.834e-05
ID_QQXOPN,ID_QQXOPN.wav,sna,0.999968887767075,1.541e-05,0.99989712,1.57e-05
ID_QRTYMF,ID_QRTYMF.wav,sna,0.9999684775365194,1.819e-05,0.99989033,1.333e-05
ID_QRXFFJ,ID_QRXFFJ.wav,lin,0.9997758368217692,0.99953866,0.00018484,3.927e-05
ID_QSHFNI,ID_QSHFNI.wav,sna,0.999964626292128,2.338e-05,0.99985981,1.199e-05
ID_QSKAEW,ID_QSKAEW.wav,sna,0.9999604562318742,2.471e-05,0.99986517,1.483e-05
ID_QTCLHN,ID_QTCLHN.wav,sna,0.9999809586511109,1.201e-05,0.99991012,7.03e-06
ID_QTXJXV,ID_QTXJXV.wav,sna,0.9999711667925939,1.976e-05,0.99985993,9.07e-06
ID_QVBLES,ID_QVBLES.wav,sna,0.9999768478394404,1.685e-05,0.99988353,6.3e-06
ID_QVBRUU,ID_QVBRUU.wav,lin,0.999948167249236,0.9998951,4.426e-05,7.57e-06
ID_QWDAYZ,ID_QWDAYZ.wav,sna,0.9999622745626326,1.796e-05,0.99981815,1.976e-05
ID_QWUCDJ,ID_QWUCDJ.wav,sna,0.9999471449676723,3.912e-05,0.99985194,1.373e-05
ID_QYCETT,ID_QYCETT.wav,lin,0.9999188027561413,0.99970645,5.382e-05,2.736e-05
ID_QYNCYO,ID_QYNCYO.wav,sna,0.9999851094832991,4.38e-06,0.99995041,1.051e-05
ID_QYYXVJ,ID_QYYXVJ.wav,lin,0.9999535083425724,0.99991786,4.065e-05,5.84e-06
ID_QZWLVA,ID_QZWLVA.wav,lin,0.999927341199566,0.99980623,6.436e-05,8.29e-06
ID_RBHTCP,ID_RBHTCP.wav,lin,0.9999348258953348,0.99987185,5.383e-05,1.134e-05
ID_RBMMXG,ID_RBMMXG.wav,sna,0.9999238185380778,7.128e-05,0.99990463,4.9e-06
ID_RBRMRJ,ID_RBRMRJ.wav,lin,0.9999501244478054,0.99963832,3.413e-05,1.573e-05
ID_REPXZM,ID_REPXZM.wav,lin,0.9995137887472723,0.99924397,0.0001187,0.00036738
ID_RFARPF,ID_RFARPF.wav,lin,0.99998022804574,0.99988139,1.611e-05,3.66e-06
ID_RGNNZN,ID_RGNNZN.wav,lin,0.9999514259086043,0.9998672,3.962e-05,8.95e-06
ID_RGUARG,ID_RGUARG.wav,sna,0.9999747181286359,1.758e-05,0.9999007,7.7e-06
ID_RHQGBX,ID_RHQGBX.wav,lin,0.9999550101467722,0.99973601,3.089e-05,1.409e-05
ID_RHZQWU,ID_RHZQWU.wav,lin,0.9999481838022646,0.99982858,3.717e-05,1.464e-05
ID_RHZZCB,ID_RHZZCB.wav,lin,0.9999558371435465,0.99989116,3.258e-05,1.158e-05
ID_RIWQZN,ID_RIWQZN.wav,sna,0.9999520947677906,3.189e-05,0.99984288,1.601e-05
ID_RLYSVG,ID_RLYSVG.wav,sna,0.9999380461055782,4.388e-05,0.99987519,1.807e-05
ID_RMLTDJ,ID_RMLTDJ.wav,sna,0.9999534664960271,2.46e-05,0.99987817,2.193e-05
ID_RMYARZ,ID_RMYARZ.wav,sna,0.9999570413391043,1.322e-05,0.99975544,2.973e-05
ID_RNMXPP,ID_RNMXPP.wav,sna,0.9999750581036676,1.379e-05,0.99989903,1.115e-05
ID_RPKIIV,ID_RPKIIV.wav,sna,0.999975856662908,1.12e-05,0.99983764,1.294e-05
ID_RQNSVH,ID_RQNSVH.wav,sna,0.9999679176980949,1.914e-05,0.99989617,1.294e-05
ID_RRJHAQ,ID_RRJHAQ.wav,sna,0.9999820891891776,5.72e-06,0.99993682,1.219e-05
ID_RSLMJI,ID_RSLMJI.wav,sna,0.9999719774779731,1.455e-05,0.99988198,1.347e-05
ID_RVJKZK,ID_RVJKZK.wav,sna,0.9999659452851248,1.391e-05,0.9998275,2.014e-05
ID_RYIGAJ,ID_RYIGAJ.wav,sna,0.9999457268185062,5.05e-05,0.99988711,3.77e-06
ID_SACORM,ID_SACORM.wav,lin,0.9999341814363466,0.99980408,4.778e-05,1.803e-05
ID_SAHAQF,ID_SAHAQF.wav,sna,0.9999437137809356,4.388e-05,0.99983323,1.24e-05
ID_SAJIZD,ID_SAJIZD.wav,lin,0.9999599556123364,0.99985039,2.502e-05,1.502e-05
ID_SBFDCO,ID_SBFDCO.wav,sna,0.9999735679068426,1.154e-05,0.99989438,1.489e-05
ID_SEHLEP,ID_SEHLEP.wav,lin,0.9999337720970244,0.99981445,4.314e-05,2.308e-05
ID_SEJVSP,ID_SEJVSP.wav,sna,0.9999640766997264,2.165e-05,0.99987221,1.427e-05
ID_SEZFBH,ID_SEZFBH.wav,lin,0.9999581695959655,0.99947041,2.216e-05,1.965e-05
ID_SFDNNH,ID_SFDNNH.wav,lin,0.9999546972673392,0.99989438,3.342e-05,1.188e-05
ID_SFFHJS,ID_SFFHJS.wav,lin,0.9999170241482932,0.999726,6.037e-05,2.259e-05
ID_SGJXRJ,ID_SGJXRJ.wav,sna,0.9999627262036639,2.106e-05,0.99986088,1.621e-05
ID_SIAOXE,ID_SIAOXE.wav,sna,0.999972787240082,1.193e-05,0.99987137,1.528e-05
ID_SIVQTY,ID_SIVQTY.wav,lin,0.9999476452016827,0.999856,3.624e-05,1.611e-05
ID_SJPJUN,ID_SJPJUN.wav,lin,0.9999669692875276,0.9999454,2.942e-05,3.61e-06
ID_SKVOBK,ID_SKVOBK.wav,lin,0.99996554723172,0.9998852,2.807e-05,6.38e-06
ID_SLTFUI,ID_SLTFUI.wav,lin,0.9999228919684275,0.99981874,5.713e-05,1.997e-05
ID_SLVCBA,ID_SLVCBA.wav,sna,0.9999727795598455,2.634e-05,0.99995661,8.8e-07
ID_SLVYIM,ID_SLVYIM.wav,lin,0.9999204423258667,0.99982399,6.519e-05,1.436e-05
ID_SMSMAM,ID_SMSMAM.wav,sna,0.9999554652779834,2.736e-05,0.99984944,1.717e-05
ID_SMUHMR,ID_SMUHMR.wav,lin,0.9999369241131274,0.9998436,5.18e-05,1.127e-05
ID_SMXLEB,ID_SMXLEB.wav,lin,0.999951043318392,0.99981457,3.717e-05,1.178e-05
ID_SNVZKP,ID_SNVZKP.wav,sna,0.9999960698060056,1.04e-06,0.99994671,2.89e-06
ID_SOGDSX,ID_SOGDSX.wav,sna,0.9999660573728406,2.231e-05,0.99988866,1.163e-05
ID_SOQAUT,ID_SOQAUT.wav,lin,0.9999620765421391,0.9998709,2.053e-05,1.739e-05
ID_SPPKTX,ID_SPPKTX.wav,sna,0.999972185857918,1.699e-05,0.99982327,1.082e-05
ID_SQJWFH,ID_SQJWFH.wav,lin,0.9999554271513493,0.99989152,2.942e-05,1.515e-05
ID_SQYKGE,ID_SQYKGE.wav,sna,0.9999705703900552,9.87e-06,0.99964404,1.955e-05
ID_SRCDPP,ID_SRCDPP.wav,sna,0.9999864454105515,7.56e-06,0.99964786,5.99e-06
ID_SRQHVW,ID_SRQHVW.wav,lin,0.9999529443439101,0.99983275,3.6e-05,1.105e-05
ID_SSRXVC,ID_SSRXVC.wav,sna,0.9999634338590824,2.014e-05,0.9997955,1.642e-05
ID_SSVFHN,ID_SSVFHN.wav,sna,0.9999694380449518,2.12e-05,0.99990547,9.36e-06
ID_SSZFJO,ID_SSZFJO.wav,lin,0.9999527468812941,0.99988675,3.67e-05,1.055e-05
ID_STHTYS,ID_STHTYS.wav,sna,0.9999045225994465,1.235e-05,0.99616158,8.277e-05
ID_STNWGU,ID_STNWGU.wav,sna,0.9999810688327041,8.56e-06,0.99991941,1.037e-05
ID_SUQHVC,ID_SUQHVC.wav,sna,0.9999667544014412,2.014e-05,0.99979836,1.31e-05
ID_SVEIZO,ID_SVEIZO.wav,sna,0.9999700880919195,2.6e-05,0.9999063,3.91e-06
ID_SWNBNQ,ID_SWNBNQ.wav,sna,0.999985828753072,7.01e-06,0.99989784,7.16e-06
ID_SWVGWH,ID_SWVGWH.wav,sna,0.5147288886633856,0.47511348,0.506428,0.0023318
ID_SXHEXC,ID_SXHEXC.wav,lin,0.9999904497906595,0.99996853,5.14e-06,4.41e-06
ID_SXNTQP,ID_SXNTQP.wav,sna,0.9999608855894592,1.939e-05,0.99984813,1.972e-05
ID_SYDXFF,ID_SYDXFF.wav,sna,0.9999674359050651,1.78e-05,0.99984169,1.476e-05
ID_SYGVYQ,ID_SYGVYQ.wav,lin,0.9997841331126383,0.9980849,0.00018242,3.308e-05
ID_SYIVJF,ID_SYIVJF.wav,sna,0.9999784679197857,1.278e-05,0.99988186,8.75e-06
ID_SZCLMK,ID_SZCLMK.wav,sna,0.9999710456522151,2.102e-05,0.99982089,7.93e-06
ID_SZMOVM,ID_SZMOVM.wav,sna,0.9999603172507792,2.736e-05,0.99989104,1.232e-05
ID_TAAQQG,ID_TAAQQG.wav,sna,0.999968986732132,9.36e-06,0.99986362,2.165e-05
ID_TAJLWS,ID_TAJLWS.wav,sna,0.9999672568019718,1.113e-05,0.99986959,2.161e-05
ID_TAVWGO,ID_TAVWGO.wav,sna,0.9999774681224187,1.418e-05,0.99989414,8.35e-06
ID_TBHFHI,ID_TBHFHI.wav,lin,0.9999429959852072,0.99987257,3.176e-05,2.524e-05
ID_TCAKFV,ID_TCAKFV.wav,lin,0.9999776084379646,0.99990785,1.415e-05,8.24e-06
ID_TDFPVB,ID_TDFPVB.wav,sna,0.9999581359534212,2.771e-05,0.99986148,1.415e-05
ID_TDKZJK,ID_TDKZJK.wav,lin,0.9999487436970124,0.99982578,3.005e-05,2.12e-05
ID_TGHGEF,ID_TGHGEF.wav,lin,0.9999721086001307,0.99992192,2.231e-05,5.58e-06
ID_TGHZFK,ID_TGHZFK.wav,sna,0.99994849451106,3.686e-05,0.99984193,1.464e-05
ID_THPHQM,ID_THPHQM.wav,sna,0.9999768982479631,1.677e-05,0.99990106,6.33e-06
ID_TIXIKT,ID_TIXIKT.wav,lin,0.9999780792130437,0.99994218,1.194e-05,9.98e-06
ID_TJRFZC,ID_TJRFZC.wav,sna,0.9999631958919254,2.502e-05,0.99985158,1.178e-05
ID_TJWMHI,ID_TJWMHI.wav,sna,0.999962035209223,1.922e-05,0.99983585,1.874e-05
ID_TKXQLV,ID_TKXQLV.wav,lin,0.9999663181751188,0.99991214,2.6e-05,7.68e-06
ID_TLYNLJ,ID_TLYNLJ.wav,sna,0.9999756764915771,1.391e-05,0.99983144,1.041e-05
ID_TMTBFW,ID_TMTBFW.wav,lin,0.9999552645937261,0.99983442,3.399e-05,1.074e-05
ID_TNMKEB,ID_TNMKEB.wav,lin,0.9999689865326943,0.99985719,9.13e-06,2.188e-05
ID_TOSHMK,ID_TOSHMK.wav,lin,0.9999669679919843,0.99990618,2.772e-05,5.31e-06
ID_TPVSMA,ID_TPVSMA.wav,sna,0.9999639336108391,2.486e-05,0.99978679,1.12e-05
ID_TRPWAZ,ID_TRPWAZ.wav,sna,0.9999633163165913,2.771e-05,0.99986291,8.97e-06
ID_TSWXQX,ID_TSWXQX.wav,lin,0.9999510768703874,0.99988711,3.962e-05,9.3e-06
ID_TTMKHL,ID_TTMKHL.wav,lin,0.9999471146199702,0.99984539,3.639e-05,1.649e-05
ID_TUTDTG,ID_TUTDTG.wav,lin,0.9999479038766217,0.99983037,3.862e-05,1.347e-05
ID_TVCMKS,ID_TVCMKS.wav,lin,0.9999144064026012,0.99975556,6.327e-05,2.231e-05
ID_TWOJWP,ID_TWOJWP.wav,sna,0.9999539043491341,2.031e-05,0.99983132,2.578e-05
ID_TYRTLE,ID_TYRTLE.wav,sna,0.9996112557284458,0.00033766,0.99785173,5.04e-05
ID_TYVXWN,ID_TYVXWN.wav,sna,0.9999668134124624,1.59e-05,0.99976832,1.728e-05
ID_UBPBMQ,ID_UBPBMQ.wav,lin,0.9999402119818288,0.99980611,3.189e-05,2.789e-05
ID_UCVSCL,ID_UCVSCL.wav,lin,0.9999691980625581,0.9999063,1.989e-05,1.091e-05
ID_UCVURN,ID_UCVURN.wav,lin,0.9999448722512436,0.99980432,3.67e-05,1.842e-05
ID_UEICYL,ID_UEICYL.wav,lin,0.9999187898706605,0.99979407,4.677e-05,3.443e-05
ID_UEKELA,ID_UEKELA.wav,lin,0.9999575874505816,0.99989748,3.07e-05,1.171e-05
ID_UFHMFI,ID_UFHMFI.wav,sna,0.9999679461782229,1.455e-05,0.99984872,1.75e-05
ID_UFMNXZ,ID_UFMNXZ.wav,lin,0.9999459472124979,0.99989438,4.206e-05,1.199e-05
ID_UFPBVD,ID_UFPBVD.wav,sna,0.9999781583288938,1.064e-05,0.99990165,1.12e-05
ID_UGAAJY,ID_UGAAJY.wav,lin,0.9999636550101962,0.99982637,2.471e-05,1.163e-05
ID_UGYTQG,ID_UGYTQG.wav,lin,0.9999658467366557,0.9998703,2.378e-05,1.037e-05
ID_UGYUGB,ID_UGYUGB.wav,lin,0.9998753020801358,0.99965143,0.00010059,2.408e-05
ID_UHJNPI,ID_UHJNPI.wav,sna,0.9999891693684658,6.44e-06,0.99993086,4.39e-06
ID_UHKXAN,ID_UHKXAN.wav,lin,0.9999345649366349,0.99985719,5.452e-05,1.091e-05
ID_UJQPMH,ID_UJQPMH.wav,sna,0.9999853791522831,1.024e-05,0.9999274,4.38e-06
ID_UKEIZM,ID_UKEIZM.wav,lin,0.9999223028005775,0.99982965,5.158e-05,2.611e-05
ID_UKNAIE,ID_UKNAIE.wav,lin,0.9999566945807598,0.99983156,2.789e-05,1.541e-05
ID_ULNXEP,ID_ULNXEP.wav,sna,0.9999536267993216,2.535e-05,0.99988461,2.102e-05
ID_UOPBUE,ID_UOPBUE.wav,sna,0.999963416283826,1.695e-05,0.99986184,1.963e-05
ID_UQGGPU,ID_UQGGPU.wav,lin,0.9999721986318947,0.99992299,1.89e-05,8.9e-06
ID_URHPQJ,ID_URHPQJ.wav,lin,0.9999392751669105,0.99985969,5.337e-05,7.35e-06
ID_UROXOJ,ID_UROXOJ.wav,lin,0.9999697789353119,0.99993455,2.203e-05,8.19e-06
ID_URTBTP,ID_URTBTP.wav,sna,0.9999556356744783,2.656e-05,0.99985814,1.78e-05
ID_URXXAU,ID_URXXAU.wav,sna,0.9999718179754034,1.445e-05,0.99989998,1.373e-05
ID_USSSXY,ID_USSSXY.wav,sna,0.9999460148762719,3.67e-05,0.99985111,1.728e-05
ID_USZRFW,ID_USZRFW.wav,sna,0.9999691470606406,1.621e-05,0.99987388,1.464e-05
ID_UTHIVY,ID_UTHIVY.wav,sna,0.9999881395412373,8.67e-06,0.99994946,3.19e-06
ID_UTOAQG,ID_UTOAQG.wav,lin,0.9999939999615997,0.9999876,5.55e-06,4.5e-07
ID_UTRRNL,ID_UTRRNL.wav,sna,0.9999394429287507,3.962e-05,0.99982268,2.093e-05
ID_UVMLAT,ID_UVMLAT.wav,sna,0.9999626757554869,2.259e-05,0.99984896,1.473e-05
ID_UWBFTZ,ID_UWBFTZ.wav,lin,0.9999656972868015,0.99930358,2.64e-05,7.88e-06
ID_UWMENO,ID_UWMENO.wav,lin,0.9999104787776195,0.99978513,7.037e-05,1.914e-05
ID_UXUXQS,ID_UXUXQS.wav,lin,0.9999792063509225,0.99980372,1.706e-05,3.73e-06
ID_UYYZRT,ID_UYYZRT.wav,lin,0.9999708890637924,0.99993873,1.502e-05,1.409e-05
ID_UYZIDF,ID_UYZIDF.wav,lin,0.9999461040444969,0.99983561,4.17e-05,1.219e-05
ID_UZCUNE,ID_UZCUNE.wav,lin,0.9999642535070069,0.99978262,1.684e-05,1.89e-05
ID_UZNHDS,ID_UZNHDS.wav,sna,0.9999678474499812,2.502e-05,0.99988854,7.13e-06
ID_UZPOHC,ID_UZPOHC.wav,sna,0.9999920794339172,5.96e-06,0.99992061,1.96e-06
ID_UZQPIE,ID_UZQPIE.wav,lin,0.9999326575591575,0.99974793,3.962e-05,2.771e-05
ID_VAHYZX,ID_VAHYZX.wav,sna,0.9999657473228107,2.338e-05,0.99988759,1.087e-05
ID_VCINKB,ID_VCINKB.wav,sna,0.999967037042893,1.333e-05,0.99987733,1.963e-05
ID_VCTYHQ,ID_VCTYHQ.wav,sna,0.9999504659991387,3.686e-05,0.9998697,1.267e-05
ID_VENALY,ID_VENALY.wav,lin,0.9999052395393213,0.99968934,6.326e-05,3.148e-05
ID_VFDVNQ,ID_VFDVNQ.wav,lin,0.9999450898998361,0.99976116,2.701e-05,2.789e-05
ID_VGRHEU,ID_VGRHEU.wav,sna,0.9999706569500834,1.699e-05,0.99986672,1.235e-05
ID_VINFUR,ID_VINFUR.wav,sna,0.9999538953485018,2.408e-05,0.99985301,2.202e-05
ID_VJNISQ,ID_VJNISQ.wav,lin,0.9999466144938189,0.99984348,4.56e-05,7.78e-06
ID_VJUJUD,ID_VJUJUD.wav,sna,0.999980158357112,1.186e-05,0.99989736,7.98e-06
ID_VKRKCQ,ID_VKRKCQ.wav,sna,0.9999618368706233,2.88e-05,0.99987984,9.36e-06
ID_VMCOFZ,ID_VMCOFZ.wav,sna,0.999968637076662,2.231e-05,0.99987543,9.05e-06
ID_VMOBST,ID_VMOBST.wav,lin,0.999958568911191,0.99993229,3.963e-05,1.8e-06
ID_VMYEXJ,ID_VMYEXJ.wav,lin,0.9999335896253713,0.99977738,4.677e-05,1.963e-05
ID_VMYHSN,ID_VMYHSN.wav,sna,0.9999501450743333,3.286e-05,0.99985135,1.699e-05
ID_VNQOPK,ID_VNQOPK.wav,lin,0.9999379358832872,0.99987161,5.115e-05,1.091e-05
ID_VOZGMM,ID_VOZGMM.wav,lin,0.9999446833492791,0.99982446,4.039e-05,1.492e-05
ID_VOZSMW,ID_VOZSMW.wav,sna,0.9999961899359529,1.45e-06,0.99997938,2.36e-06
ID_VSIQKV,ID_VSIQKV.wav,sna,0.9999810090905255,9.98e-06,0.99993312,9.01e-06
ID_VUVJWI,ID_VUVJWI.wav,sna,0.999952304558904,3.03e-05,0.99983823,1.739e-05
ID_VXVHZA,ID_VXVHZA.wav,sna,0.999996369427604,1.72e-06,0.99983871,1.91e-06
ID_VYRCXO,ID_VYRCXO.wav,lin,0.999974945482921,0.99979466,1.649e-05,8.56e-06
ID_VYVYRL,ID_VYVYRL.wav,sna,0.9999739061127937,1.685e-05,0.99982494,9.24e-06
ID_VZFEWT,ID_VZFEWT.wav,sna,0.9999491729218211,2.88e-05,0.99980992,2.202e-05
ID_VZPHOL,ID_VZPHOL.wav,sna,0.9999643473481558,2.221e-05,0.99988997,1.344e-05
ID_WBDIEG,ID_WBDIEG.wav,sna,0.9999832290038029,9.42e-06,0.99992383,7.35e-06
ID_WBXQTC,ID_WBXQTC.wav,sna,0.9999584065581426,3.356e-05,0.99987566,8.03e-06
ID_WBZRLQ,ID_WBZRLQ.wav,lin,0.9999287286001396,0.99976879,4.559e-05,2.567e-05
ID_WDPIDY,ID_WDPIDY.wav,lin,0.9999844496504281,0.99996197,1.245e-05,3.1e-06
ID_WDZCRL,ID_WDZCRL.wav,sna,0.9999929096741287,1.86e-06,0.99994695,5.23e-06
ID_WFSNBQ,ID_WFSNBQ.wav,lin,0.9999785485447333,0.99991071,7.98e-06,1.347e-05
ID_WGDFIO,ID_WGDFIO.wav,sna,0.9999615152325071,2.492e-05,0.99983764,1.356e-05
ID_WGTTAV,ID_WGTTAV.wav,lin,0.9999362729651726,0.99982589,5.05e-05,1.322e-05
ID_WHRRVY,ID_WHRRVY.wav,lin,0.9999356462011953,0.99987662,5.247e-05,1.188e-05
ID_WHTMGC,ID_WHTMGC.wav,sna,0.9999524856757214,3.593e-05,0.99986148,1.158e-05
ID_WHUXCU,ID_WHUXCU.wav,sna,0.9999741975190913,7.54e-06,0.99987805,1.826e-05
ID_WIBEDZ,ID_WIBEDZ.wav,lin,0.9999464988507952,0.99992502,5.292e-05,5.8e-07
ID_WLATQT,ID_WLATQT.wav,sna,0.9999788192493542,1.163e-05,0.99994338,9.55e-06
ID_WLVCIE,ID_WLVCIE.wav,sna,0.999963816970033,1.373e-05,0.99988008,2.245e-05
ID_WLVUHQ,ID_WLVUHQ.wav,sna,0.9999593969194444,2.892e-05,0.99988353,1.168e-05
ID_WNDDQC,ID_WNDDQC.wav,lin,0.9999199970915308,0.99975866,4.657e-05,3.342e-05
ID_WNPCLK,ID_WNPCLK.wav,sna,0.9999711064810584,1.55e-05,0.99984932,1.339e-05
ID_WOPOVQ,ID_WOPOVQ.wav,lin,0.99993680904332,0.99976343,4.416e-05,1.902e-05
ID_WPKARR,ID_WPKARR.wav,sna,0.9999603470625104,2.992e-05,0.99988627,9.73e-06
ID_WRJKBM,ID_WRJKBM.wav,lin,0.9999625265794262,0.99987125,1.796e-05,1.951e-05
ID_WSBTTM,ID_WSBTTM.wav,lin,0.9999740789846738,0.99993491,1.736e-05,8.56e-06
ID_WSMAWR,ID_WSMAWR.wav,lin,0.9999548549500747,0.999843,2.656e-05,1.858e-05
ID_WTRVXN,ID_WTRVXN.wav,lin,0.9999377324936521,0.99981719,4.986e-05,1.24e-05
ID_WUBYWS,ID_WUBYWS.wav,sna,0.9999564175872777,3.314e-05,0.99990106,1.044e-05
ID_WUIHHV,ID_WUIHHV.wav,sna,0.9999803191860016,1.305e-05,0.99993896,6.63e-06
ID_WVPTRD,ID_WVPTRD.wav,lin,0.9999791892250067,0.99994195,1.758e-05,3.23e-06
ID_WWYFTZ,ID_WWYFTZ.wav,lin,0.9999753992737865,0.99994588,1.368e-05,1.092e-05
ID_WXYBXH,ID_WXYBXH.wav,lin,0.999939903198244,0.99982673,4.388e-05,1.621e-05
ID_WZDBDJ,ID_WZDBDJ.wav,sna,0.9999749788422712,1.692e-05,0.99992871,8.1e-06
ID_WZHDZH,ID_WZHDZH.wav,lin,0.9999324721262499,0.99981588,4.502e-05,2.25e-05
ID_XBHYWJ,ID_XBHYWJ.wav,sna,0.9999509437600462,1.403e-05,0.99982375,3.502e-05
ID_XBNVDS,ID_XBNVDS.wav,sna,0.9999588412401812,2.193e-05,0.99974602,1.922e-05
ID_XBOTXS,ID_XBOTXS.wav,lin,0.9999434851696773,0.99985802,4.278e-05,1.373e-05
ID_XDUUNH,ID_XDUUNH.wav,lin,0.9999555783986013,0.99991953,4.117e-05,3.25e-06
ID_XEKFYB,ID_XEKFYB.wav,lin,0.9999588763375267,0.99986982,2.667e-05,1.445e-05
ID_XFCXUL,ID_XFCXUL.wav,sna,0.9999643749134501,1.214e-05,0.9998216,2.348e-05
ID_XFMSIQ,ID_XFMSIQ.wav,lin,0.9999361024012976,0.99981719,4.986e-05,1.403e-05
ID_XFQJTD,ID_XFQJTD.wav,lin,0.9999748479999129,0.99989533,1.322e-05,1.193e-05
ID_XGOOWY,ID_XGOOWY.wav,lin,0.9999509556581043,0.99986243,3.293e-05,1.611e-05
ID_XGTHZP,ID_XGTHZP.wav,lin,0.9999857669457288,0.99977118,1.004e-05,4.19e-06
ID_XHGAJR,ID_XHGAJR.wav,lin,0.9999853895533586,0.99995482,6.47e-06,8.14e-06
ID_XHJUVO,ID_XHJUVO.wav,lin,0.9999202677882144,0.99976712,5.713e-05,2.259e-05
ID_XIHAIR,ID_XIHAIR.wav,lin,0.9999467031289674,0.99981779,3.011e-05,2.318e-05
ID_XIPYIV,ID_XIPYIV.wav,lin,0.9999643562096393,0.99985802,2.892e-05,6.72e-06
ID_XIZBQT,ID_XIZBQT.wav,lin,0.9999541764894608,0.99987757,2.843e-05,1.739e-05
ID_XJNTHO,ID_XJNTHO.wav,lin,0.9999736177427341,0.99988806,2.023e-05,6.15e-06
ID_XKEGLX,ID_XKEGLX.wav,sna,0.9999555969694931,3.797e-05,0.99988735,6.43e-06
ID_XKFXQJ,ID_XKFXQJ.wav,lin,0.9999674068736674,0.99987149,2.274e-05,9.85e-06
ID_XKPYUW,ID_XKPYUW.wav,lin,0.999950895731857,0.99986398,2.471e-05,2.439e-05
ID_XLFFGX,ID_XLFFGX.wav,sna,0.999944264621536,3.314e-05,0.99984777,2.259e-05
ID_XLNHAF,ID_XLNHAF.wav,lin,0.9999430129723598,0.9998197,3.895e-05,1.803e-05
ID_XLPSXR,ID_XLPSXR.wav,sna,0.9999499928639817,4.205e-05,0.9998073,7.95e-06
ID_XMKMDY,ID_XMKMDY.wav,sna,0.9998433556729621,0.00014019,0.99962425,1.642e-05
ID_XOSHIU,ID_XOSHIU.wav,lin,0.9999326316281325,0.99980837,4.388e-05,2.348e-05
ID_XPFQKJ,ID_XPFQKJ.wav,lin,0.9999294486313524,0.99976832,4.707e-05,2.347e-05
ID_XQRCWT,ID_XQRCWT.wav,lin,0.9999366037028458,0.99983728,4.738e-05,1.601e-05
ID_XQUAPC,ID_XQUAPC.wav,lin,0.9999227172375246,0.99975759,2.678e-05,5.049e-05
ID_XSCBVZ,ID_XSCBVZ.wav,sna,0.9999317811574736,3.443e-05,0.99980217,3.378e-05
ID_XTDFEU,ID_XTDFEU.wav,lin,0.999953037564528,0.99990118,3.717e-05,9.79e-06
ID_XTVWHW,ID_XTVWHW.wav,lin,0.9999418065043167,0.99988174,5.181e-05,6.38e-06
ID_XUVOLK,ID_XUVOLK.wav,sna,0.9999953499595446,3.78e-06,0.99998665,8.7e-07
ID_XVWCUU,ID_XVWCUU.wav,lin,0.9999485462989354,0.99987662,2.942e-05,2.203e-05
ID_XXFOBP,ID_XXFOBP.wav,lin,0.9999582834822112,0.99980205,2.398e-05,1.773e-05
ID_XXGTFT,ID_XXGTFT.wav,lin,0.9999448434782928,0.99982661,3.577e-05,1.938e-05
ID_XXNSTV,ID_XXNSTV.wav,lin,0.9999636777382128,0.99990141,1.75e-05,1.882e-05
ID_XXRGUZ,ID_XXRGUZ.wav,sna,0.999979398351662,1.362e-05,0.99989939,6.98e-06
ID_XYNEAZ,ID_XYNEAZ.wav,lin,0.9999391967825966,0.99972183,4.116e-05,1.963e-05
ID_XYNGYT,ID_XYNGYT.wav,sna,0.9999602353666248,2.455e-05,0.99984372,1.521e-05
ID_XYRMYH,ID_XYRMYH.wav,sna,0.9999700571629162,1.288e-05,0.99987531,1.706e-05
ID_XYSGOD,ID_XYSGOD.wav,sna,0.9999410431197321,3.789e-05,0.99982435,2.106e-05
ID_XZETLA,ID_XZETLA.wav,lin,0.9907761576619538,0.83328986,0.00598533,0.00177236
ID_XZTSMF,ID_XZTSMF.wav,sna,0.9999728679512591,1.391e-05,0.99989736,1.322e-05
ID_YAZDEC,ID_YAZDEC.wav,lin,0.9999483478280261,0.9999063,4.351e-05,8.14e-06
ID_YBCTRD,ID_YBCTRD.wav,sna,0.9999640244086736,1.574e-05,0.99980861,2.023e-05
ID_YBFFUC,ID_YBFFUC.wav,sna,0.9999038217931137,7.695e-05,0.9998185,1.922e-05
ID_YCUAQR,ID_YCUAQR.wav,lin,0.9999526856167955,0.99986005,2.992e-05,1.739e-05
ID_YEGQGO,ID_YEGQGO.wav,sna,0.9999668479097606,1.313e-05,0.9999038,2.002e-05
ID_YEIYDD,ID_YEIYDD.wav,lin,0.9999312428581956,0.99982738,5.383e-05,1.492e-05
ID_YGOOHY,ID_YGOOHY.wav,sna,0.9999525850977732,3.578e-05,0.9998492,1.163e-05
ID_YGQLTC,ID_YGQLTC.wav,lin,0.9999615666386181,0.99987411,3.07e-05,7.73e-06
ID_YHBQZY,ID_YHBQZY.wav,lin,0.999924996137036,0.99974018,4.798e-05,2.701e-05
ID_YHQRIM,ID_YHQRIM.wav,lin,0.9999541864132543,0.9998759,2.378e-05,2.203e-05
ID_YLFNDR,ID_YLFNDR.wav,sna,0.9999681473578234,1.508e-05,0.9998852,1.677e-05
ID_YLGJGF,ID_YLGJGF.wav,sna,0.9999424939561148,4.17e-05,0.9998374,1.58e-05
ID_YLLAAX,ID_YLLAAX.wav,sna,0.9999584013385222,3.147e-05,0.99926943,1.01e-05
ID_YLLSZV,ID_YLLSZV.wav,lin,0.999914336183283,0.99975306,4.064e-05,4.501e-05
ID_YNKOQY,ID_YNKOQY.wav,lin,0.9999869499167404,0.99998057,1.289e-05,1.6e-07
ID_YOANOW,ID_YOANOW.wav,sna,0.9999503041219714,2.279e-05,0.99983203,2.69e-05
ID_YOMUYB,ID_YOMUYB.wav,sna,0.9999773883737718,6.81e-06,0.99990547,1.58e-05
ID_YOWFFV,ID_YOWFFV.wav,sna,0.9999591543714723,1.706e-05,0.99982136,2.378e-05
ID_YPRMZQ,ID_YPRMZQ.wav,sna,0.9999805586560199,1.156e-05,0.99991143,7.88e-06
ID_YQCOJH,ID_YQCOJH.wav,sna,0.9999987499979875,1.12e-06,0.99999714,1.3e-07
ID_YQXMBU,ID_YQXMBU.wav,lin,0.9999338880734986,0.99990475,3.37e-06,6.274e-05
ID_YRDTWP,ID_YRDTWP.wav,lin,0.9999889953586549,0.99865854,7.15e-06,3.84e-06
ID_YRXNJR,ID_YRXNJR.wav,lin,0.9999477046365874,0.99984515,3.149e-05,2.08e-05
ID_YSXMAC,ID_YSXMAC.wav,lin,0.9999424203094733,0.99960047,3.554e-05,2.202e-05
ID_YSXZVS,ID_YSXZVS.wav,lin,0.999937735852585,0.99987113,2.679e-05,3.547e-05
ID_YTBYDD,ID_YTBYDD.wav,lin,0.9999473252893006,0.9998579,3.765e-05,1.502e-05
ID_YTIZJS,ID_YTIZJS.wav,sna,0.9999703370218369,1.653e-05,0.99986994,1.313e-05
ID_YUBNIJ,ID_YUBNIJ.wav,lin,0.9999615674453881,0.9998951,2.992e-05,8.51e-06
ID_YUELGH,ID_YUELGH.wav,lin,0.9994630297181029,0.99936944,0.00053545,1.47e-06
ID_YUFIOJ,ID_YUFIOJ.wav,lin,0.9999597672589434,0.99989164,3.031e-05,9.92e-06
ID_YXYKJA,ID_YXYKJA.wav,lin,0.9999299439445531,0.99970078,4.314e-05,2.69e-05
ID_ZABUUU,ID_ZABUUU.wav,sna,0.9999944795922073,2.02e-06,0.99992061,3.5e-06
ID_ZCEOXY,ID_ZCEOXY.wav,lin,0.9999493056925046,0.99986434,3.813e-05,1.256e-05
ID_ZCKRYZ,ID_ZCKRYZ.wav,lin,0.9999404556306342,0.99986708,5.181e-05,7.73e-06
ID_ZDNNEM,ID_ZDNNEM.wav,lin,0.9999066486101968,0.99978465,5.664e-05,3.67e-05
ID_ZDVLXF,ID_ZDVLXF.wav,lin,0.999996799996512,0.99999571,3.01e-06,1.9e-07
ID_ZFGUDY,ID_ZFGUDY.wav,sna,0.9999481616170726,3.509e-05,0.99959356,1.673e-05
ID_ZFITUP,ID_ZFITUP.wav,lin,0.9999542562247662,0.99987173,3.286e-05,1.288e-05
ID_ZFMADM,ID_ZFMADM.wav,lin,0.9999466652654756,0.9998579,4.56e-05,7.73e-06
ID_ZGAKHJ,ID_ZGAKHJ.wav,lin,0.9999652877496048,0.99990046,2.053e-05,1.418e-05
ID_ZGDMMV,ID_ZGDMMV.wav,sna,0.9999600059210039,2.702e-05,0.99985802,1.297e-05
ID_ZHLJBD,ID_ZHLJBD.wav,sna,0.9999742761432221,1.256e-05,0.99982435,1.316e-05
ID_ZHXHFH,ID_ZHXHFH.wav,lin,0.9999316155379139,0.99986637,5.665e-05,1.173e-05
ID_ZJIPOW,ID_ZJIPOW.wav,sna,0.9999568249567232,1.878e-05,0.99984002,2.439e-05
ID_ZJNTLH,ID_ZJNTLH.wav,sna,0.9998936493192011,9.084e-05,0.99979323,1.55e-05
ID_ZNCIGH,ID_ZNCIGH.wav,sna,0.9999570221608421,1.989e-05,0.99977463,2.308e-05
ID_ZNLWNB,ID_ZNLWNB.wav,lin,0.9999520251295911,0.99985051,3.314e-05,1.483e-05
ID_ZOCOTL,ID_ZOCOTL.wav,lin,0.9999605449012176,0.99983132,2.217e-05,1.728e-05
ID_ZOGMYL,ID_ZOGMYL.wav,sna,0.999981628629312,9.07e-06,0.99990702,9.3e-06
ID_ZOIAKV,ID_ZOIAKV.wav,lin,0.9999777291022601,0.99993742,1.483e-05,7.44e-06
ID_ZPCTZV,ID_ZPCTZV.wav,sna,0.9999629354573696,2.393e-05,0.99984038,1.313e-05
ID_ZPDKPY,ID_ZPDKPY.wav,sna,0.9999515517923891,3.717e-05,0.99978215,1.127e-05
ID_ZPQRJW,ID_ZPQRJW.wav,lin,0.999939973713447,0.99983525,4.013e-05,1.989e-05
ID_ZSCIPF,ID_ZSCIPF.wav,sna,0.9999462655077965,3.862e-05,0.99986267,1.511e-05
ID_ZSRKOJ,ID_ZSRKOJ.wav,sna,0.9999355321400786,3.216e-05,0.99981362,3.23e-05
ID_ZSWGRX,ID_ZSWGRX.wav,sna,0.999959454096111,2.053e-05,0.99981385,2.001e-05
ID_ZSWMQN,ID_ZSWMQN.wav,lin,0.999954715750526,0.99986088,3.272e-05,1.256e-05
ID_ZTKFTF,ID_ZTKFTF.wav,sna,0.999974801824452,7.8e-06,0.99965036,1.739e-05
ID_ZUCSAV,ID_ZUCSAV.wav,sna,0.9999562871372446,2.992e-05,0.9998908,1.379e-05
ID_ZUWDYE,ID_ZUWDYE.wav,lin,0.9999624167753594,0.99987662,1.819e-05,1.939e-05
ID_ZVCYRR,ID_ZVCYRR.wav,sna,0.9999810179979682,1.24e-05,0.99987555,6.58e-06
ID_ZVIXHA,ID_ZVIXHA.wav,sna,0.9999809191152195,7.93e-06,0.99993455,1.115e-05
ID_ZWVNEU,ID_ZWVNEU.wav,lin,0.9999735285991335,0.99992061,1.807e-05,8.4e-06
ID_ZXGTRS,ID_ZXGTRS.wav,lin,0.9999401415198491,0.99979848,3.838e-05,2.147e-05
ID_ZZXYLS,ID_ZZXYLS.wav,lin,0.9999588565085633,0.999874,2.408e-05,1.706e-05
